Order_ID,Order_Date,Ship_Date,Region,Segment,Category,Sub_Category,Product_Name,Sales,Quantity,Discount,Profit
ORD-2022-00001,2022-04-13,2022-04-18,West,Consumer,Office Supplies,Binders,Premium Binder A4,6435.62,7,0.0,763.1
ORD-2022-00002,2022-12-10,2022-12-15,West,Consumer,Furniture,Storage,File Cabinet 4-Drawer,7953.93,1,0.05,1270.55
ORD-2022-00003,2022-07-09,2022-07-16,East,Consumer,Furniture,Tables,Dining Table Oak,64705.62,3,0.1,6464.17
ORD-2022-00004,2022-12-12,2022-12-18,North,Corporate,Furniture,Storage,Wardrobe 3-Door,10740.15,8,0.05,538.69
ORD-2022-00005,2023-04-22,2023-04-30,West,Consumer,Office Supplies,Paper,Photo Glossy Paper,4863.62,4,0.0,448.48
ORD-2022-00006,2022-12-04,2022-12-12,West,Consumer,Office Supplies,Labels,Address Label Roll,5649.6,9,,506.24
ORD-2022-00007,2023-05-14,2023-05-16,East,Corporate,Technology,Accessories,Wireless Mouse Combo,366557.1,7,0.25,-149663.84
ORD-2022-00008,2022-04-09,2022-04-14,East,Corporate,Technology,Phones,Redmi Note 12,388797.99,5,0.2,-63370.82
ORD-2022-00009,2023-07-08,2023-07-13,North,Home Office,Furniture,Tables,Dining Table Oak,57201.01,4,0.0,12913.53
ORD-2022-00010,2023-11-30,2023-12-04,North,Consumer,Technology,Phones,OnePlus Nord CE 3,82396.31,9,0.1,9873.87
ORD-2022-00011,2023-04-18,2023-04-26,West,Consumer,Furniture,Tables,Coffee Table Glass,184872.26,9,0.0,35625.06
ORD-2022-00012,2023-11-15,2023-11-24,West,Consumer,Furniture,Storage,File Cabinet 4-Drawer,37635.7,4,0.3,-13968.04
ORD-2022-00013,2022-03-22,2022-03-26,East,Corporate,Office Supplies,Paper,Carbon Paper,3614.44,5,0.05,305.18
ORD-2022-00014,2023-03-15,2023-03-19,South,Corporate,Furniture,Chairs,Ergonomic Office Chair,98375.47,4,,-21509.89
ORD-2022-00015,2023-10-22,2023-10-27,East,Corporate,Furniture,Tables,Study Desk Compact,27126.95,3,0.2,-8993.13
ORD-2022-00016,2023-04-18,2023-04-21,West,Consumer,Technology,Accessories,Laptop Cooling Pad,375458.06,9,0.05,33619.08
ORD-2022-00017,2022-08-21,2022-08-25,East,Consumer,Technology,Printers,Canon Pixma G3010,568891.13,8,0.25,-188946.18
ORD-2022-00018,2023-04-18,2023-04-22,West,Corporate,Furniture,Chairs,Executive Leather Chair,34902.86,2,0.0,5028.01
ORD-2022-00019,2023-01-27,2023-02-04,East,Consumer,Furniture,Storage,Wardrobe 3-Door,48270.45,3,0.1,-3595.88
ORD-2022-00020,2022-10-04,2022-10-11,East,Home Office,Office Supplies,Binders,Premium Binder A4,3496.22,3,0.2,-618.77
ORD-2022-00021,2022-02-06,2022-02-15,South,Consumer,Office Supplies,Pens & Art,Highlighter 6-Pack,196.93,1,0.0,41.56
ORD-2022-00022,2023-07-20,2023-07-23,West,Corporate,Furniture,Chairs,Guest Chair,55721.08,6,0.05,12475.63
ORD-2022-00023,2022-02-08,2022-02-14,North,Corporate,Office Supplies,Paper,A4 Copy Paper 500-Sheet,14646.55,8,0.1,2.86
ORD-2022-00024,2023-04-16,2023-04-24,South,Consumer,Furniture,Tables,Study Desk Compact,51238.44,6,0.3,-12825.18
ORD-2022-00025,2022-02-23,2022-02-27,North,Home Office,Office Supplies,Binders,Premium Binder A4,1514.99,7,0.05,185.81
ORD-2022-00026,2023-09-28,2023-10-01,South,Home Office,Technology,Accessories,Laptop Cooling Pad,144677.08,7,0.0,38468.91
ORD-2022-00027,2022-04-06,2022-04-13,North,Consumer,Furniture,Bookcases,Bookcase Pro 5-Shelf,23894.2,1,0.1,146.53
ORD-2022-00028,2022-03-27,2022-03-29,South,Corporate,Furniture,Tables,Dining Table Oak,19182.37,4,0.15,-2993.4
ORD-2022-00029,2023-06-06,2023-06-13,East,Consumer,Furniture,Tables,Coffee Table Glass,38480.52,3,0.1,-5668.54
ORD-2022-00030,2022-06-09,2022-06-13,West,Consumer,Office Supplies,Pens & Art,Ballpoint Pen Box,1631.85,1,0.1,122.22
ORD-2022-00031,2022-01-12,2022-01-20,South,Consumer,Furniture,Chairs,Guest Chair,15708.85,7,0.15,180.48
ORD-2022-00032,2023-05-16,2023-05-19,East,Consumer,Technology,Printers,HP LaserJet Pro,387161.9,5,0.1,-9387.72
ORD-2022-00033,2022-04-06,2022-04-15,West,Consumer,Office Supplies,Labels,Address Label Roll,10599.39,7,0.2,-3513.9
ORD-2022-00034,2023-11-30,2023-12-04,South,Consumer,Furniture,Bookcases,Bookcase Pro 5-Shelf,74908.66,9,0.3,-30053.69
ORD-2022-00035,2022-01-25,2022-01-30,East,Consumer,Technology,Accessories,Wireless Mouse Combo,56164.66,7,0.1,-4714.6
ORD-2022-00036,2023-10-20,2023-10-28,North,Consumer,Technology,Printers,HP LaserJet Pro,44767.55,6,0.15,1225.82
ORD-2022-00037,2022-12-05,2022-12-14,South,Consumer,Office Supplies,Labels,Address Label Roll,13808.91,7,0.0,4002.23
ORD-2022-00038,2023-06-15,2023-06-23,South,Consumer,Furniture,Chairs,Executive Leather Chair,13644.16,4,0.1,-775.21
ORD-2022-00039,2023-01-04,2023-01-06,West,Consumer,Furniture,Chairs,Executive Leather Chair,7816.6,5,0.2,-428.89
ORD-2022-00040,2022-11-01,2022-11-08,North,Corporate,Technology,Laptops,HP Pavilion 14,216515.14,3,0.0,69365.22
ORD-2022-00041,2022-01-08,2022-01-11,North,Corporate,Office Supplies,Paper,Photo Glossy Paper,9750.35,5,0.05,268.5
ORD-2022-00042,2023-07-12,2023-07-16,West,Corporate,Technology,Printers,HP LaserJet Pro,305323.64,9,0.25,-131000.54
ORD-2022-00043,2022-08-12,2022-08-20,North,Consumer,Office Supplies,Pens & Art,Ballpoint Pen Box,10001.22,6,0.0,1161.54
ORD-2022-00044,2023-04-21,2023-04-23,South,Home Office,Office Supplies,Pens & Art,Ballpoint Pen Box,10846.68,7,0.0,2187.2
ORD-2022-00045,2023-12-18,2023-12-23,North,Home Office,Office Supplies,Labels,Barcode Label Set,746.08,8,0.1,-81.59
ORD-2022-00046,2023-02-05,2023-02-14,South,Corporate,Office Supplies,Binders,Premium Binder A4,3239.67,2,0.2,-799.58
ORD-2022-00047,2023-03-11,2023-03-19,East,Consumer,Office Supplies,Binders,Presentation Binder,7497.17,7,0.05,1309.72
ORD-2022-00048,2022-03-10,2022-03-13,East,Corporate,Furniture,Chairs,Guest Chair,40988.86,3,0.1,3744.75
ORD-2022-00049,2022-10-08,2022-10-12,West,Consumer,Office Supplies,Labels,Barcode Label Set,389.08,3,0.0,40.44
ORD-2022-00050,2022-12-12,2022-12-19,South,Consumer,Office Supplies,Binders,Presentation Binder,2069.7,9,,39.51
ORD-2022-00051,2022-09-14,2022-09-23,East,Consumer,Furniture,Tables,Study Desk Compact,98966.51,8,0.05,20195.69
ORD-2022-00052,2022-01-07,2022-01-11,West,Consumer,Office Supplies,Pens & Art,Ballpoint Pen Box,1844.91,2,0.0,335.53
ORD-2022-00053,2022-08-19,2022-08-26,South,Corporate,Furniture,Bookcases,Bookcase Pro 5-Shelf,48449.05,4,0.1,
ORD-2022-00054,2023-01-04,2023-01-09,North,Consumer,Furniture,Chairs,Executive Leather Chair,12973.3,2,0.05,-127.99
ORD-2022-00055,2023-09-16,2023-09-21,West,Consumer,Furniture,Chairs,Guest Chair,179766.02,8,0.1,32076.8
ORD-2022-00056,2022-03-16,2022-03-21,North,Home Office,Technology,Laptops,HP Pavilion 14,197436.69,3,0.15,6964.55
ORD-2022-00057,2023-12-25,2023-12-27,East,Consumer,Office Supplies,Binders,Economy Binder Set,7100.49,6,0.05,-44.4
ORD-2022-00058,2023-10-12,2023-10-17,North,Home Office,Office Supplies,Labels,Address Label Roll,276.43,5,0.05,58.45
ORD-2022-00059,2022-08-24,2022-08-27,North,Consumer,Office Supplies,Binders,Economy Binder Set,539.0,3,0.1,-81.69
ORD-2022-00060,2022-10-18,2022-10-24,North,Corporate,Furniture,Chairs,Executive Leather Chair,32987.27,4,0.1,-403.4
ORD-2022-00061,2022-01-23,2022-01-31,South,Corporate,Furniture,Bookcases,Bookcase Pro 5-Shelf,94713.56,7,0.0,18612.41
ORD-2022-00062,2023-07-08,2023-07-17,North,Consumer,Technology,Phones,OnePlus Nord CE 3,323354.83,7,0.3,-72493.94
ORD-2022-00063,2023-06-06,2023-06-12,West,Corporate,Furniture,Chairs,Ergonomic Office Chair,46786.02,4,0.1,-1.25
ORD-2022-00064,2023-02-15,2023-02-23,East,Corporate,Office Supplies,Paper,Carbon Paper,8311.29,5,0.0,1615.48
ORD-2022-00065,2022-08-06,2022-08-12,North,Consumer,Furniture,Bookcases,Bookcase Pro 5-Shelf,174936.29,8,0.1,12768.43
ORD-2022-00066,2023-08-27,2023-09-04,East,Home Office,Office Supplies,Binders,Economy Binder Set,13510.86,8,0.0,1684.68
ORD-2022-00067,2022-01-01,2022-01-09,South,Home Office,Furniture,Tables,Dining Table Oak,168607.05,9,0.15,-34971.02
ORD-2022-00068,2023-01-21,2023-01-29,South,Consumer,Office Supplies,Binders,Presentation Binder,1602.12,3,0.0,262.9
ORD-2022-00069,2023-10-28,2023-11-02,North,Consumer,Office Supplies,Binders,Premium Binder A4,1136.75,1,0.0,182.89
ORD-2022-00070,2023-03-11,2023-03-15,East,Corporate,Furniture,Chairs,Ergonomic Office Chair,1395.47,1,0.1,99.64
ORD-2022-00071,2022-04-23,2022-04-26,South,Consumer,Technology,Printers,HP LaserJet Pro,552427.37,8,0.25,-151583.55
ORD-2022-00072,2023-04-21,2023-04-30,East,Home Office,Office Supplies,Binders,Premium Binder A4,3815.58,7,0.05,205.64
ORD-2022-00073,2023-08-27,2023-09-04,East,Consumer,Technology,Printers,Canon Pixma G3010,517620.25,8,0.3,-210189.85
ORD-2022-00074,2022-11-26,2022-12-04,East,Consumer,Technology,Printers,HP LaserJet Pro,140930.67,3,0.1,-2342.67
ORD-2022-00075,2023-04-16,2023-04-24,North,Consumer,Office Supplies,Paper,Photo Glossy Paper,8104.02,9,0.1,-1316.41
ORD-2022-00076,2023-12-28,2024-01-06,North,Corporate,Office Supplies,Binders,Economy Binder Set,9955.68,9,0.0,3040.77
ORD-2022-00077,2022-04-19,2022-04-22,North,Consumer,Furniture,Chairs,Ergonomic Office Chair,50812.89,4,0.05,9728.7
ORD-2022-00078,2022-01-27,2022-01-29,North,Consumer,Office Supplies,Paper,A4 Copy Paper 500-Sheet,9124.51,9,0.05,1656.04
ORD-2022-00079,2022-12-29,2022-12-31,North,Consumer,Office Supplies,Paper,A4 Copy Paper 500-Sheet,8411.52,5,0.1,-400.28
ORD-2022-00080,2023-10-26,2023-11-02,North,Consumer,Office Supplies,Paper,Carbon Paper,1463.71,4,0.2,-534.6
ORD-2022-00081,2022-03-14,2022-03-16,South,Corporate,Office Supplies,Binders,Presentation Binder,7183.31,8,0.1,551.29
ORD-2022-00082,2022-10-02,2022-10-08,North,Corporate,Technology,Phones,Samsung Galaxy A34,325112.91,9,0.0,90284.09
ORD-2022-00083,2023-01-09,2023-01-18,West,Home Office,Furniture,Bookcases,Bookcase Classic 3-Shelf,212665.08,9,0.15,-47643.85
ORD-2022-00084,2022-12-01,2022-12-07,East,Corporate,Furniture,Storage,Storage Box Set,139901.13,7,0.0,30926.17
ORD-2022-00085,2022-06-01,2022-06-05,East,Corporate,Office Supplies,Pens & Art,Ballpoint Pen Box,7280.1,8,0.1,-173.85
ORD-2022-00086,2022-06-10,2022-06-19,South,Home Office,Technology,Laptops,Lenovo IdeaPad Slim 5,209135.49,3,0.0,69756.78
ORD-2022-00087,2022-01-29,2022-02-05,North,Consumer,Furniture,Storage,File Cabinet 4-Drawer,57250.65,8,0.0,12656.98
ORD-2022-00088,2023-03-05,2023-03-12,North,Consumer,Technology,Laptops,HP Pavilion 14,20668.9,5,0.0,3798.29
ORD-2022-00089,2022-03-02,2022-03-08,North,Corporate,Office Supplies,Labels,Color Dot Labels,7691.46,8,0.2,-3386.31
ORD-2022-00090,2022-08-31,2022-09-06,North,Home Office,Furniture,Bookcases,Bookcase Classic 3-Shelf,45609.64,9,0.05,9138.98
ORD-2022-00091,2023-07-27,2023-07-31,South,Home Office,Technology,Laptops,Dell Inspiron 15,575015.54,8,0.1,-112027.19
ORD-2022-00092,2022-09-24,2022-09-26,South,Consumer,Furniture,Bookcases,Bookcase Pro 5-Shelf,71740.39,3,0.15,-1136.41
ORD-2022-00093,2022-02-07,2022-02-16,East,Corporate,Furniture,Chairs,Executive Leather Chair,29472.44,5,0.0,6297.95
ORD-2022-00094,2023-11-29,2023-12-03,South,Home Office,Office Supplies,Pens & Art,Ballpoint Pen Box,1763.33,1,0.1,102.12
ORD-2022-00095,2022-12-11,2022-12-17,East,Corporate,Office Supplies,Paper,Carbon Paper,8838.49,5,,-755.45
ORD-2022-00096,2022-03-23,2022-03-28,East,Corporate,Technology,Printers,Epson L3252,47066.84,2,0.15,-10237.24
ORD-2022-00097,2023-11-06,2023-11-15,North,Consumer,Technology,Laptops,Dell Inspiron 15,55752.55,2,0.15,-2604.9
ORD-2022-00098,2022-07-11,2022-07-13,East,Consumer,Office Supplies,Paper,A4 Copy Paper 500-Sheet,7564.71,6,0.2,-1386.6
ORD-2022-00099,2023-01-16,2023-01-21,North,Home Office,Furniture,Chairs,Guest Chair,20059.39,3,0.0,6719.13
ORD-2022-00100,2022-09-28,2022-10-06,West,Consumer,Furniture,Storage,Storage Box Set,66142.1,4,0.3,-44837.52
ORD-2022-00101,2022-03-25,2022-04-01,East,Consumer,Office Supplies,Pens & Art,Ballpoint Pen Box,2990.47,6,0.05,118.65
ORD-2022-00102,2023-08-07,2023-08-12,North,Corporate,Technology,Phones,Redmi Note 12,122146.2,2,0.15,-4289.46
ORD-2022-00103,2022-06-02,2022-06-09,North,Home Office,Furniture,Storage,File Cabinet 4-Drawer,36154.4,6,0.1,881.6
ORD-2022-00104,2023-12-22,2023-12-31,South,Consumer,Office Supplies,Paper,Photo Glossy Paper,3712.45,6,0.1,-487.74
ORD-2022-00105,2023-02-05,2023-02-10,West,Home Office,Furniture,Storage,Storage Box Set,33921.39,6,0.15,-8332.86
ORD-2022-00106,2023-08-12,2023-08-17,South,Corporate,Furniture,Chairs,Guest Chair,41250.6,2,0.1,-7049.47
ORD-2022-00107,2022-03-14,2022-03-22,East,Consumer,Furniture,Storage,Storage Box Set,35266.12,4,0.0,8035.38
ORD-2022-00108,2023-05-30,2023-06-07,South,Corporate,Office Supplies,Pens & Art,Sketch Pen Set 24,7241.36,6,0.05,424.13
ORD-2022-00109,2023-09-23,2023-09-29,East,Consumer,Office Supplies,Paper,Photo Glossy Paper,2647.73,2,0.05,-8.56
ORD-2022-00110,2022-07-26,2022-07-28,West,Corporate,Furniture,Bookcases,Bookcase Pro 5-Shelf,87396.69,8,0.05,-4299.73
ORD-2022-00111,2023-02-24,2023-02-27,East,Consumer,Office Supplies,Paper,Carbon Paper,3192.53,2,0.0,564.98
ORD-2022-00112,2022-01-21,2022-01-29,North,Consumer,Technology,Printers,Canon Pixma G3010,356280.47,7,0.1,-41652.38
ORD-2022-00113,2023-01-16,2023-01-24,East,Corporate,Office Supplies,Labels,Barcode Label Set,2582.1,7,0.0,664.42
ORD-2022-00114,2023-11-07,2023-11-13,North,Corporate,Furniture,Chairs,Guest Chair,27954.41,6,0.05,2870.53
ORD-2022-00115,2023-05-28,2023-05-30,North,Corporate,Furniture,Bookcases,Bookcase Pro 5-Shelf,46199.68,5,0.15,-10114.45
ORD-2022-00116,2022-09-08,2022-09-14,North,Consumer,Technology,Phones,Redmi Note 12,374895.85,5,0.0,124520.25
ORD-2022-00117,2022-07-25,2022-07-30,North,Corporate,Technology,Printers,Epson L3252,52783.9,2,0.3,-20233.49
ORD-2022-00118,2022-05-31,2022-06-09,North,Consumer,Furniture,Chairs,Executive Leather Chair,31348.49,7,0.15,-9355.06
ORD-2022-00119,2022-07-12,2022-07-20,West,Corporate,Office Supplies,Paper,Photo Glossy Paper,2509.6,2,0.0,831.57
ORD-2022-00120,2022-05-27,2022-06-04,East,Corporate,Office Supplies,Binders,Premium Binder A4,3997.71,2,0.05,725.28
ORD-2022-00121,2023-05-04,2023-05-08,West,Corporate,Office Supplies,Paper,Photo Glossy Paper,4875.9,3,0.05,1057.09
ORD-2022-00122,2023-08-24,2023-08-30,South,Corporate,Office Supplies,Pens & Art,Highlighter 6-Pack,3959.09,5,0.05,490.5
ORD-2022-00123,2023-09-14,2023-09-21,East,Corporate,Office Supplies,Pens & Art,Ballpoint Pen Box,8497.68,8,0.0,1552.13
ORD-2022-00124,2022-10-27,2022-11-01,East,Home Office,Technology,Laptops,HP Pavilion 14,114933.76,2,0.1,18552.7
ORD-2022-00125,2023-12-16,2023-12-20,North,Corporate,Technology,Laptops,Lenovo IdeaPad Slim 5,27946.93,2,0.15,-384.69
ORD-2022-00126,2022-04-16,2022-04-21,East,Corporate,Office Supplies,Binders,Economy Binder Set,9619.54,9,0.1,-620.02
ORD-2022-00127,2023-03-21,2023-03-24,West,Home Office,Office Supplies,Paper,Carbon Paper,6737.65,6,0.2,
ORD-2022-00128,2022-01-26,2022-01-28,East,Corporate,Furniture,Bookcases,Bookcase Pro 5-Shelf,154909.16,8,0.05,21499.94
ORD-2022-00129,2022-05-26,2022-05-30,East,Corporate,Office Supplies,Paper,A4 Copy Paper 500-Sheet,1486.9,1,0.0,128.44
ORD-2022-00130,2022-06-09,2022-06-13,North,Corporate,Office Supplies,Binders,Premium Binder A4,17785.64,9,0.05,1187.98
ORD-2022-00131,2022-10-07,2022-10-12,West,Consumer,Office Supplies,Paper,Photo Glossy Paper,10896.3,7,0.05,934.89
ORD-2022-00132,2023-12-09,2023-12-15,South,Consumer,Furniture,Bookcases,Bookcase Classic 3-Shelf,35715.56,5,0.1,885.86
ORD-2022-00133,2022-06-21,2022-06-24,South,Corporate,Technology,Accessories,USB Hub 7-Port,22253.09,4,0.15,-86.98
ORD-2022-00134,2023-03-22,2023-03-29,South,Corporate,Technology,Phones,Redmi Note 12,226980.74,7,0.0,51249.62
ORD-2022-00135,2023-02-10,2023-02-13,East,Home Office,Technology,Phones,OnePlus Nord CE 3,227730.32,4,0.0,40362.2
ORD-2022-00136,2023-03-25,2023-03-29,West,Consumer,Furniture,Chairs,Executive Leather Chair,31242.56,7,0.1,-1236.94
ORD-2022-00137,2023-11-09,2023-11-12,East,Consumer,Office Supplies,Paper,Photo Glossy Paper,1952.95,6,0.0,168.31
ORD-2022-00138,2022-07-25,2022-07-30,East,Home Office,Technology,Laptops,Dell Inspiron 15,153883.4,6,0.15,1150.31
ORD-2022-00139,2022-01-25,2022-01-31,South,Consumer,Furniture,Chairs,Ergonomic Office Chair,9836.61,4,0.0,3274.03
ORD-2022-00140,2023-03-23,2023-03-30,North,Corporate,Furniture,Chairs,Guest Chair,29904.87,3,0.0,6305.22
ORD-2022-00141,2023-04-08,2023-04-10,South,Consumer,Furniture,Bookcases,Bookcase Pro 5-Shelf,14565.83,3,0.1,-627.72
ORD-2022-00142,2022-08-09,2022-08-14,East,Corporate,Technology,Laptops,Lenovo IdeaPad Slim 5,355095.27,5,0.1,-29229.9
ORD-2022-00143,2023-08-21,2023-08-27,North,Home Office,Office Supplies,Pens & Art,Ballpoint Pen Box,9546.95,6,0.0,2359.2
ORD-2022-00144,2023-05-08,2023-05-14,North,Home Office,Furniture,Storage,File Cabinet 4-Drawer,21040.06,3,0.1,-1026.46
ORD-2022-00145,2023-09-16,2023-09-21,East,Corporate,Technology,Phones,Samsung Galaxy A34,191265.5,6,0.3,-117901.24
ORD-2022-00146,2023-07-14,2023-07-20,North,Consumer,Technology,Printers,HP LaserJet Pro,371145.81,7,0.25,-174960.72
ORD-2022-00147,2023-02-20,2023-02-25,South,Consumer,Office Supplies,Binders,Premium Binder A4,10127.81,7,0.0,3425.79
ORD-2022-00148,2023-01-01,2023-01-06,South,Consumer,Technology,Accessories,Laptop Cooling Pad,43768.38,3,0.0,6633.65
ORD-2022-00149,2022-08-08,2022-08-10,North,Consumer,Technology,Phones,Samsung Galaxy A34,107308.3,2,0.0,10591.19
ORD-2022-00150,2023-01-05,2023-01-08,East,Consumer,Furniture,Storage,Storage Box Set,74444.28,6,0.1,-2551.05
ORD-2022-00151,2023-02-06,2023-02-14,North,Home Office,Office Supplies,Paper,Photo Glossy Paper,3322.65,9,0.05,458.46
ORD-2022-00152,2022-05-02,2022-05-11,South,Consumer,Technology,Printers,HP LaserJet Pro,102353.61,2,0.05,14540.86
ORD-2022-00153,2022-09-13,2022-09-20,East,Consumer,Furniture,Storage,File Cabinet 4-Drawer,6289.24,2,0.0,1332.48
ORD-2022-00154,2022-10-05,2022-10-09,East,Consumer,Office Supplies,Pens & Art,Highlighter 6-Pack,6910.76,6,0.05,1371.77
ORD-2022-00155,2023-10-18,2023-10-27,North,Corporate,Office Supplies,Binders,Presentation Binder,895.74,2,0.05,26.08
ORD-2022-00156,2023-05-15,2023-05-20,North,Home Office,Technology,Laptops,Dell Inspiron 15,690114.78,9,0.1,-82112.95
ORD-2022-00157,2022-05-12,2022-05-20,South,Consumer,Office Supplies,Labels,Barcode Label Set,956.26,3,0.0,84.01
ORD-2022-00158,2022-01-20,2022-01-22,East,Corporate,Office Supplies,Paper,Carbon Paper,2024.54,8,0.0,427.95
ORD-2022-00159,2022-07-07,2022-07-12,South,Consumer,Office Supplies,Pens & Art,Sketch Pen Set 24,5614.12,8,0.1,20.39
ORD-2022-00160,2022-07-02,2022-07-04,South,Consumer,Furniture,Storage,File Cabinet 4-Drawer,210251.49,9,0.05,43785.02
ORD-2022-00161,2022-03-19,2022-03-24,South,Corporate,Office Supplies,Labels,Address Label Roll,10375.4,9,0.1,2.04
ORD-2022-00162,2023-07-17,2023-07-23,North,Consumer,Technology,Laptops,Lenovo IdeaPad Slim 5,337405.69,5,0.0,70990.7
ORD-2022-00163,2022-10-22,2022-10-25,West,Consumer,Technology,Printers,Canon Pixma G3010,120469.74,9,0.15,-22029.14
ORD-2022-00164,2023-09-10,2023-09-17,North,Home Office,Furniture,Tables,Coffee Table Glass,195067.59,8,0.05,12809.87
ORD-2022-00165,2023-09-11,2023-09-16,East,Home Office,Office Supplies,Binders,Economy Binder Set,1555.12,1,0.1,91.52
ORD-2022-00166,2023-03-02,2023-03-05,South,Corporate,Furniture,Bookcases,Bookcase Pro 5-Shelf,33924.93,5,0.0,6963.49
ORD-2022-00167,2023-03-21,2023-03-23,North,Consumer,Office Supplies,Pens & Art,Sketch Pen Set 24,15378.31,9,0.0,4801.69
ORD-2022-00168,2023-08-21,2023-08-23,South,Consumer,Furniture,Chairs,Executive Leather Chair,11001.45,1,0.1,-1902.77
ORD-2022-00169,2023-11-10,2023-11-17,North,Corporate,Technology,Laptops,Lenovo IdeaPad Slim 5,14744.88,3,0.2,-4048.85
ORD-2022-00170,2022-08-02,2022-08-10,North,Consumer,Technology,Laptops,HP Pavilion 14,406497.91,9,0.2,-121005.46
ORD-2022-00171,2023-07-08,2023-07-13,East,Corporate,Office Supplies,Pens & Art,Ballpoint Pen Box,464.29,2,0.0,48.93
ORD-2022-00172,2023-04-30,2023-05-06,South,Home Office,Office Supplies,Pens & Art,Sketch Pen Set 24,8514.97,8,0.0,2091.6
ORD-2022-00173,2022-02-09,2022-02-16,North,Home Office,Furniture,Storage,File Cabinet 4-Drawer,56439.62,5,0.0,16761.04
ORD-2022-00174,2023-07-29,2023-08-04,West,Consumer,Office Supplies,Binders,Economy Binder Set,7977.21,4,0.0,2117.57
ORD-2022-00175,2023-10-28,2023-11-04,South,Consumer,Technology,Printers,HP LaserJet Pro,591028.47,9,0.1,-39025.73
ORD-2022-00176,2023-12-26,2024-01-04,South,Consumer,Technology,Printers,Canon Pixma G3010,48725.51,5,0.0,15808.85
ORD-2022-00177,2022-03-16,2022-03-18,South,Consumer,Office Supplies,Binders,Premium Binder A4,332.03,3,0.0,26.9
ORD-2022-00178,2023-10-22,2023-10-27,West,Corporate,Furniture,Storage,Wardrobe 3-Door,52520.07,3,0.05,-464.01
ORD-2022-00179,2023-10-16,2023-10-21,West,Consumer,Technology,Accessories,Wireless Mouse Combo,104681.74,2,0.25,-34762.56
ORD-2022-00180,2023-05-16,2023-05-25,North,Home Office,Office Supplies,Pens & Art,Sketch Pen Set 24,340.4,4,0.2,-135.44
ORD-2022-00181,2023-03-02,2023-03-06,West,Corporate,Furniture,Tables,Coffee Table Glass,71697.62,9,0.05,-1246.09
ORD-2022-00182,2023-04-10,2023-04-17,North,Corporate,Office Supplies,Labels,Address Label Roll,3148.07,5,0.0,1019.29
ORD-2022-00183,2023-09-14,2023-09-21,West,Consumer,Furniture,Tables,Dining Table Oak,7489.61,1,0.05,826.8
ORD-2022-00184,2023-11-15,2023-11-17,East,Consumer,Office Supplies,Binders,Presentation Binder,176.14,1,0.05,-7.24
ORD-2022-00185,2023-06-11,2023-06-13,South,Corporate,Furniture,Chairs,Ergonomic Office Chair,34225.59,3,0.1,-2381.09
ORD-2022-00186,2023-08-02,2023-08-09,North,Consumer,Furniture,Tables,Study Desk Compact,116131.67,9,0.0,20636.64
ORD-2022-00187,2023-10-10,2023-10-14,North,Home Office,Technology,Phones,Samsung Galaxy A34,50103.56,1,0.1,450.08
ORD-2022-00188,2022-07-09,2022-07-18,North,Consumer,Furniture,Chairs,Guest Chair,56220.96,5,0.05,1054.75
ORD-2022-00189,2023-06-13,2023-06-22,South,Consumer,Technology,Accessories,Wireless Mouse Combo,279222.22,7,0.15,-44564.45
ORD-2022-00190,2022-11-28,2022-12-07,West,Consumer,Office Supplies,Labels,Address Label Roll,1656.39,1,0.0,417.13
ORD-2022-00191,2023-12-28,2023-12-30,East,Consumer,Office Supplies,Paper,Photo Glossy Paper,939.66,1,0.05,190.27
ORD-2022-00192,2023-10-17,2023-10-19,West,Consumer,Office Supplies,Binders,Economy Binder Set,3563.35,2,0.0,396.42
ORD-2022-00193,2023-03-30,2023-04-03,East,Home Office,Office Supplies,Pens & Art,Sketch Pen Set 24,13192.2,8,0.05,-28.58
ORD-2022-00194,2023-07-28,2023-07-30,North,Corporate,Office Supplies,Labels,Address Label Roll,10193.57,6,0.05,574.71
ORD-2022-00195,2022-07-07,2022-07-12,East,Corporate,Technology,Printers,Epson L3252,314406.27,9,0.05,35958.99
ORD-2022-00196,2023-11-10,2023-11-13,North,Consumer,Office Supplies,Labels,Address Label Roll,12285.75,8,0.05,1312.15
ORD-2022-00197,2023-04-20,2023-04-27,East,Consumer,Furniture,Storage,File Cabinet 4-Drawer,75460.37,8,0.3,-18670.01
ORD-2022-00198,2023-01-11,2023-01-20,South,Consumer,Technology,Printers,Canon Pixma G3010,444662.86,6,0.1,-46009.7
ORD-2022-00199,2022-05-02,2022-05-08,South,Consumer,Office Supplies,Pens & Art,Highlighter 6-Pack,7354.43,6,0.0,2496.88
ORD-2022-00200,2022-10-05,2022-10-10,West,Consumer,Office Supplies,Binders,Economy Binder Set,3188.82,6,0.1,302.49
ORD-2022-00201,2023-01-18,2023-01-23,North,Home Office,Technology,Printers,Epson L3252,46773.03,1,0.0,9916.0
ORD-2022-00202,2022-04-14,2022-04-21,East,Corporate,Office Supplies,Binders,Presentation Binder,1692.85,5,0.2,-613.09
ORD-2022-00203,2023-11-16,2023-11-24,West,Home Office,Furniture,Tables,Study Desk Compact,99790.81,5,0.2,
ORD-2022-00204,2023-08-05,2023-08-13,South,Consumer,Office Supplies,Pens & Art,Ballpoint Pen Box,7283.09,8,0.0,2009.72
ORD-2022-00205,2023-08-27,2023-08-31,East,Consumer,Office Supplies,Pens & Art,Ballpoint Pen Box,1322.78,3,0.05,220.51
ORD-2022-00206,2022-11-19,2022-11-23,North,Consumer,Technology,Phones,Redmi Note 12,16197.96,7,0.1,1568.26
ORD-2022-00207,2022-07-23,2022-07-26,South,Home Office,Office Supplies,Paper,A4 Copy Paper 500-Sheet,5987.25,3,0.0,502.12
ORD-2022-00208,2022-01-01,2022-01-09,North,Consumer,Technology,Phones,Samsung Galaxy A34,67796.98,1,0.15,-14625.97
ORD-2022-00209,2022-12-24,2022-12-28,South,Consumer,Furniture,Storage,File Cabinet 4-Drawer,1298.35,2,0.2,-574.04
ORD-2022-00210,2022-12-24,2022-12-29,North,Consumer,Office Supplies,Labels,Color Dot Labels,1195.92,2,0.05,269.73
ORD-2022-00211,2022-11-17,2022-11-19,East,Home Office,Technology,Phones,Redmi Note 12,168784.09,5,0.2,-20610.57
ORD-2022-00212,2023-07-20,2023-07-25,East,Consumer,Office Supplies,Paper,Photo Glossy Paper,2564.91,4,0.0,840.09
ORD-2022-00213,2022-10-17,2022-10-20,West,Home Office,Office Supplies,Binders,Premium Binder A4,452.36,9,0.0,122.54
ORD-2022-00214,2023-01-25,2023-01-31,West,Consumer,Furniture,Storage,Wardrobe 3-Door,83931.58,9,0.15,-11134.32
ORD-2022-00215,2022-06-26,2022-07-03,South,Corporate,Technology,Phones,Samsung Galaxy A34,279370.5,7,0.1,-26223.08
ORD-2022-00216,2022-01-13,2022-01-19,West,Home Office,Technology,Phones,Redmi Note 12,219651.61,9,0.0,20429.85
ORD-2022-00217,2023-06-24,2023-07-03,South,Consumer,Office Supplies,Paper,Photo Glossy Paper,2313.41,3,0.05,377.58
ORD-2022-00218,2022-11-25,2022-12-02,South,Corporate,Technology,Phones,Samsung Galaxy A34,342537.78,7,0.05,61913.45
ORD-2022-00219,2022-05-29,2022-06-03,East,Consumer,Furniture,Storage,File Cabinet 4-Drawer,50514.7,3,0.15,-13782.73
ORD-2022-00220,2022-04-12,2022-04-21,West,Home Office,Office Supplies,Paper,Photo Glossy Paper,3033.26,3,0.05,-82.29
ORD-2022-00221,2022-07-07,2022-07-10,East,Consumer,Furniture,Storage,Wardrobe 3-Door,13271.75,1,0.0,3821.5
ORD-2022-00222,2022-05-14,2022-05-22,North,Home Office,Furniture,Bookcases,Bookcase Pro 5-Shelf,63198.39,7,0.0,16086.76
ORD-2022-00223,2023-04-02,2023-04-11,West,Consumer,Technology,Phones,Samsung Galaxy A34,77186.16,6,0.25,-23899.66
ORD-2022-00224,2022-08-06,2022-08-11,West,Corporate,Technology,Phones,OnePlus Nord CE 3,178571.49,6,0.05,20437.96
ORD-2022-00225,2022-09-24,2022-09-30,West,Consumer,Office Supplies,Pens & Art,Highlighter 6-Pack,723.12,1,0.05,139.03
ORD-2022-00226,2022-01-05,2022-01-10,East,Home Office,Office Supplies,Paper,A4 Copy Paper 500-Sheet,1277.48,2,0.2,-187.09
ORD-2022-00227,2023-03-22,2023-03-25,South,Corporate,Furniture,Tables,Coffee Table Glass,13682.61,3,0.0,4211.31
ORD-2022-00228,2023-06-07,2023-06-15,North,Consumer,Technology,Printers,Epson L3252,457347.57,8,0.3,-237415.31
ORD-2022-00229,2022-06-03,2022-06-10,North,Corporate,Technology,Accessories,Wireless Mouse Combo,112212.49,2,0.1,-10332.41
ORD-2022-00230,2023-05-10,2023-05-17,East,Corporate,Office Supplies,Pens & Art,Sketch Pen Set 24,10305.92,6,0.1,-525.73
ORD-2022-00231,2023-12-29,2024-01-01,South,Consumer,Technology,Printers,Epson L3252,208519.2,6,0.0,
ORD-2022-00232,2023-10-29,2023-11-01,West,Corporate,Furniture,Bookcases,Bookcase Pro 5-Shelf,16068.37,1,0.0,3213.33
ORD-2022-00233,2023-11-16,2023-11-21,South,Consumer,Office Supplies,Paper,A4 Copy Paper 500-Sheet,3618.72,2,0.0,1110.04
ORD-2022-00234,2022-07-12,2022-07-14,North,Consumer,Office Supplies,Binders,Premium Binder A4,4736.65,4,0.05,893.72
ORD-2022-00235,2022-10-30,2022-11-07,West,Corporate,Technology,Phones,OnePlus Nord CE 3,263977.35,4,0.25,-88947.71
ORD-2022-00236,2023-07-12,2023-07-17,East,Corporate,Office Supplies,Paper,Carbon Paper,3115.48,3,0.1,-262.79
ORD-2022-00237,2022-01-04,2022-01-08,South,Corporate,Office Supplies,Binders,Presentation Binder,4070.28,5,0.05,-22.81
ORD-2022-00238,2023-11-11,2023-11-19,North,Corporate,Furniture,Storage,Wardrobe 3-Door,5314.72,3,0.05,780.07
ORD-2022-00239,2022-11-02,2022-11-09,South,Corporate,Office Supplies,Pens & Art,Highlighter 6-Pack,6960.01,9,0.2,-934.81
ORD-2022-00240,2022-09-29,2022-10-03,South,Consumer,Technology,Printers,Epson L3252,125252.06,2,0.15,-26141.55
ORD-2022-00241,2022-06-02,2022-06-06,East,Corporate,Furniture,Bookcases,Bookcase Pro 5-Shelf,42445.68,9,0.05,1964.61
ORD-2022-00242,2023-02-11,2023-02-14,East,Corporate,Technology,Phones,OnePlus Nord CE 3,146367.5,9,0.05,26884.39
ORD-2022-00243,2022-06-24,2022-06-30,West,Corporate,Office Supplies,Pens & Art,Sketch Pen Set 24,6332.4,4,0.0,1941.07
ORD-2022-00244,2022-09-27,2022-09-30,South,Consumer,Furniture,Tables,Dining Table Oak,53405.2,3,0.1,-3148.47
ORD-2022-00245,2022-08-28,2022-09-06,East,Consumer,Technology,Printers,Epson L3252,119304.34,9,0.05,15137.18
ORD-2022-00246,2023-01-10,2023-01-14,West,Corporate,Technology,Accessories,USB Hub 7-Port,216729.51,4,,35290.0
ORD-2022-00247,2022-04-07,2022-04-13,East,Home Office,Office Supplies,Paper,Carbon Paper,607.23,1,0.0,57.86
ORD-2022-00248,2022-05-21,2022-05-26,East,Consumer,Office Supplies,Paper,Carbon Paper,4743.82,3,,1585.12
ORD-2022-00249,2023-07-28,2023-08-03,West,Consumer,Furniture,Chairs,Ergonomic Office Chair,167203.64,9,0.05,15472.13
ORD-2022-00250,2022-12-11,2022-12-15,North,Corporate,Furniture,Chairs,Executive Leather Chair,24159.46,6,0.0,2378.5
ORD-2022-00251,2023-02-07,2023-02-12,North,Consumer,Office Supplies,Binders,Economy Binder Set,11590.68,6,0.1,553.64
ORD-2022-00252,2023-05-23,2023-05-26,West,Corporate,Technology,Laptops,Dell Inspiron 15,378115.56,5,0.15,-54489.56
ORD-2022-00253,2022-10-11,2022-10-13,North,Corporate,Office Supplies,Binders,Premium Binder A4,7529.28,4,0.05,1419.57
ORD-2022-00254,2023-01-05,2023-01-09,South,Corporate,Furniture,Tables,Dining Table Oak,100201.62,9,0.05,-3683.86
ORD-2022-00255,2023-01-12,2023-01-14,North,Consumer,Office Supplies,Labels,Color Dot Labels,1645.82,1,0.0,289.85
ORD-2022-00256,2022-10-23,2022-10-27,South,Corporate,Office Supplies,Paper,A4 Copy Paper 500-Sheet,1551.58,2,0.0,330.87
ORD-2022-00257,2023-01-22,2023-01-25,South,Consumer,Furniture,Tables,Coffee Table Glass,17417.91,8,0.2,-2705.11
ORD-2022-00258,2023-11-25,2023-12-01,East,Consumer,Technology,Phones,OnePlus Nord CE 3,207996.15,6,0.1,-36696.71
ORD-2022-00259,2022-05-19,2022-05-22,North,Home Office,Furniture,Storage,Wardrobe 3-Door,7161.76,6,0.05,-161.54
ORD-2022-00260,2022-12-07,2022-12-16,South,Consumer,Technology,Printers,HP LaserJet Pro,141259.79,2,0.2,-33176.48
ORD-2022-00261,2022-11-08,2022-11-11,South,Consumer,Office Supplies,Pens & Art,Sketch Pen Set 24,7006.56,4,0.1,332.7
ORD-2022-00262,2022-11-10,2022-11-18,North,Home Office,Furniture,Bookcases,Bookcase Pro 5-Shelf,84345.56,6,0.0,22163.82
ORD-2022-00263,2023-02-18,2023-02-20,North,Corporate,Furniture,Tables,Dining Table Oak,34241.93,7,0.0,4267.46
ORD-2022-00264,2023-10-08,2023-10-13,South,Consumer,Furniture,Bookcases,Bookcase Classic 3-Shelf,10647.92,1,0.2,-2377.58
ORD-2022-00265,2022-08-22,2022-08-27,South,Home Office,Furniture,Tables,Coffee Table Glass,26172.03,3,0.1,-1860.86
ORD-2022-00266,2022-07-14,2022-07-17,South,Consumer,Technology,Phones,OnePlus Nord CE 3,66854.16,2,0.25,-32822.56
ORD-2022-00267,2022-10-22,2022-10-31,West,Corporate,Office Supplies,Binders,Premium Binder A4,1373.85,1,0.1,-46.07
ORD-2022-00268,2023-01-22,2023-01-30,West,Consumer,Furniture,Chairs,Ergonomic Office Chair,109346.22,6,0.15,
ORD-2022-00269,2022-07-18,2022-07-25,South,Consumer,Technology,Phones,Samsung Galaxy A34,5576.16,3,0.1,-141.39
ORD-2022-00270,2023-06-02,2023-06-07,North,Consumer,Office Supplies,Pens & Art,Ballpoint Pen Box,194.51,1,0.05,45.19
ORD-2022-00271,2022-01-03,2022-01-10,East,Corporate,Office Supplies,Pens & Art,Sketch Pen Set 24,3821.06,4,0.1,-383.6
ORD-2022-00272,2023-07-15,2023-07-17,North,Corporate,Technology,Phones,Redmi Note 12,421347.56,9,0.1,-32471.66
ORD-2022-00273,2022-12-21,2022-12-27,North,Corporate,Office Supplies,Pens & Art,Highlighter 6-Pack,6539.19,9,0.0,1592.04
ORD-2022-00274,2023-05-05,2023-05-11,South,Corporate,Technology,Printers,Canon Pixma G3010,188327.94,6,0.15,-20308.38
ORD-2022-00275,2023-01-30,2023-02-07,East,Corporate,Office Supplies,Paper,Carbon Paper,9352.32,7,0.05,54.87
ORD-2022-00276,2022-05-09,2022-05-16,North,Corporate,Furniture,Chairs,Executive Leather Chair,82729.2,4,0.15,-19990.07
ORD-2022-00277,2022-12-06,2022-12-11,North,Consumer,Furniture,Bookcases,Bookcase Pro 5-Shelf,7950.43,6,0.0,719.71
ORD-2022-00278,2022-02-25,2022-03-04,West,Home Office,Furniture,Bookcases,Bookcase Pro 5-Shelf,134687.29,8,0.15,-23137.67
ORD-2022-00279,2023-10-14,2023-10-18,West,Consumer,Technology,Phones,OnePlus Nord CE 3,239436.48,3,0.05,9203.9
ORD-2022-00280,2023-05-14,2023-05-21,East,Consumer,Furniture,Storage,File Cabinet 4-Drawer,2657.1,3,0.2,-468.65
ORD-2022-00281,2023-03-18,2023-03-22,West,Consumer,Office Supplies,Binders,Economy Binder Set,3548.56,3,0.05,591.92
ORD-2022-00282,2022-07-30,2022-08-07,West,Consumer,Technology,Accessories,Wireless Mouse Combo,398269.92,5,0.3,-176769.78
ORD-2022-00283,2022-07-08,2022-07-11,South,Corporate,Technology,Printers,Epson L3252,254130.83,5,0.0,25119.86
ORD-2022-00284,2022-09-17,2022-09-19,North,Home Office,Office Supplies,Paper,Photo Glossy Paper,1682.87,1,0.1,-17.38
ORD-2022-00285,2022-04-28,2022-05-03,West,Consumer,Office Supplies,Labels,Barcode Label Set,2333.17,2,0.05,323.02
ORD-2022-00286,2022-01-08,2022-01-14,South,Consumer,Furniture,Storage,Wardrobe 3-Door,89520.23,7,0.1,1193.51
ORD-2022-00287,2022-06-28,2022-07-03,North,Corporate,Office Supplies,Pens & Art,Highlighter 6-Pack,8610.92,9,0.0,844.68
ORD-2022-00288,2022-03-05,2022-03-08,West,Consumer,Furniture,Tables,Coffee Table Glass,21394.68,2,0.1,3705.99
ORD-2022-00289,2022-03-25,2022-03-29,West,Consumer,Furniture,Storage,Wardrobe 3-Door,44625.5,8,0.0,13529.87
ORD-2022-00290,2022-01-13,2022-01-22,West,Corporate,Furniture,Storage,Wardrobe 3-Door,17789.61,2,0.0,
ORD-2022-00291,2022-04-06,2022-04-13,North,Home Office,Office Supplies,Labels,Barcode Label Set,10134.38,8,0.0,2068.3
ORD-2022-00292,2022-04-16,2022-04-22,South,Home Office,Office Supplies,Binders,Premium Binder A4,2702.13,2,0.0,608.7
ORD-2022-00293,2023-01-28,2023-02-06,South,Consumer,Furniture,Chairs,Ergonomic Office Chair,113111.48,9,0.15,-496.17
ORD-2022-00294,2023-12-09,2023-12-13,East,Home Office,Furniture,Bookcases,Bookcase Pro 5-Shelf,20537.48,1,0.15,-17.07
ORD-2022-00295,2022-03-13,2022-03-15,East,Home Office,Furniture,Tables,Coffee Table Glass,40312.99,8,0.0,12212.5
ORD-2022-00296,2023-12-13,2023-12-21,East,Consumer,Furniture,Chairs,Guest Chair,67207.91,3,0.15,-18566.32
ORD-2022-00297,2022-10-14,2022-10-21,South,Consumer,Office Supplies,Pens & Art,Sketch Pen Set 24,205.1,4,0.05,
ORD-2022-00298,2022-09-30,2022-10-09,South,Consumer,Technology,Phones,Redmi Note 12,137897.94,8,0.05,10184.82
ORD-2022-00299,2022-01-02,2022-01-09,South,Consumer,Office Supplies,Pens & Art,Ballpoint Pen Box,1651.68,2,0.0,223.31
ORD-2022-00300,2023-09-20,2023-09-28,West,Corporate,Office Supplies,Pens & Art,Ballpoint Pen Box,8899.3,7,0.2,-1688.86
ORD-2022-00301,2023-12-21,2023-12-23,South,Corporate,Office Supplies,Binders,Economy Binder Set,11126.01,9,0.0,3297.64
ORD-2022-00302,2023-11-14,2023-11-22,East,Consumer,Furniture,Bookcases,Bookcase Pro 5-Shelf,104795.58,5,0.05,18340.44
ORD-2022-00303,2022-08-15,2022-08-19,South,Home Office,Furniture,Tables,Coffee Table Glass,186908.2,8,0.1,-20836.15
ORD-2022-00304,2023-01-06,2023-01-11,East,Consumer,Furniture,Tables,Coffee Table Glass,68455.16,4,0.05,13598.63
ORD-2022-00305,2023-11-27,2023-12-01,West,Consumer,Furniture,Storage,File Cabinet 4-Drawer,188043.3,8,0.0,27228.13
ORD-2022-00306,2023-01-10,2023-01-17,South,Corporate,Technology,Accessories,USB Hub 7-Port,304800.42,8,0.15,-58658.95
ORD-2022-00307,2022-10-10,2022-10-19,East,Consumer,Office Supplies,Binders,Premium Binder A4,3438.92,2,0.0,552.6
ORD-2022-00308,2023-08-01,2023-08-08,West,Corporate,Office Supplies,Labels,Address Label Roll,1135.15,4,0.0,241.86
ORD-2022-00309,2022-10-29,2022-10-31,North,Corporate,Furniture,Bookcases,Bookcase Classic 3-Shelf,1608.61,1,0.0,174.66
ORD-2022-00310,2022-07-11,2022-07-15,South,Home Office,Office Supplies,Labels,Address Label Roll,13294.2,8,0.05,1613.54
ORD-2022-00311,2022-07-16,2022-07-18,West,Consumer,Technology,Printers,Epson L3252,101247.24,7,0.15,-14705.43
ORD-2022-00312,2023-11-29,2023-12-05,North,Home Office,Furniture,Tables,Dining Table Oak,11719.26,1,0.1,375.95
ORD-2022-00313,2022-07-28,2022-08-04,South,Consumer,Office Supplies,Labels,Barcode Label Set,689.95,1,0.05,49.75
ORD-2022-00314,2022-08-27,2022-09-05,West,Corporate,Technology,Accessories,Wireless Mouse Combo,22639.99,1,0.05,-133.21
ORD-2022-00315,2022-01-05,2022-01-08,South,Corporate,Furniture,Storage,Storage Box Set,17273.38,2,0.15,-3380.38
ORD-2022-00316,2023-02-23,2023-02-25,East,Corporate,Furniture,Tables,Coffee Table Glass,66651.8,8,0.2,-21668.33
ORD-2022-00317,2022-05-08,2022-05-15,North,Corporate,Furniture,Chairs,Guest Chair,43079.92,4,0.2,-13279.62
ORD-2022-00318,2022-07-20,2022-07-28,North,Consumer,Technology,Printers,Epson L3252,357873.72,7,0.15,-55103.31
ORD-2022-00319,2023-07-26,2023-07-29,West,Consumer,Furniture,Bookcases,Bookcase Classic 3-Shelf,141646.7,6,0.0,30472.3
ORD-2022-00320,2023-08-31,2023-09-02,South,Home Office,Office Supplies,Labels,Color Dot Labels,4996.66,3,0.0,715.28
ORD-2022-00321,2023-05-19,2023-05-26,South,Consumer,Furniture,Chairs,Guest Chair,74825.28,3,0.1,
ORD-2022-00322,2022-05-05,2022-05-13,South,Consumer,Office Supplies,Pens & Art,Sketch Pen Set 24,3261.96,9,0.1,521.36
ORD-2022-00323,2023-01-10,2023-01-18,North,Consumer,Office Supplies,Labels,Barcode Label Set,1524.72,3,0.0,230.87
ORD-2022-00324,2022-05-01,2022-05-04,West,Consumer,Furniture,Storage,File Cabinet 4-Drawer,30377.79,3,0.1,2935.27
ORD-2022-00325,2022-03-17,2022-03-22,South,Corporate,Technology,Laptops,HP Pavilion 14,579328.55,8,0.1,-46231.46
ORD-2022-00326,2022-09-10,2022-09-12,North,Consumer,Technology,Phones,OnePlus Nord CE 3,145778.58,4,0.05,811.82
ORD-2022-00327,2022-05-04,2022-05-10,South,Consumer,Furniture,Storage,Wardrobe 3-Door,17814.0,4,0.15,-2441.02
ORD-2022-00328,2022-06-13,2022-06-16,South,Consumer,Office Supplies,Binders,Economy Binder Set,4761.74,4,0.0,1635.79
ORD-2022-00329,2023-01-02,2023-01-07,North,Corporate,Furniture,Chairs,Executive Leather Chair,67893.62,4,0.1,932.88
ORD-2022-00330,2023-11-08,2023-11-15,East,Home Office,Furniture,Chairs,Ergonomic Office Chair,38942.43,9,0.3,-17600.77
ORD-2022-00331,2022-12-05,2022-12-13,South,Consumer,Office Supplies,Labels,Barcode Label Set,2513.21,2,0.05,-52.45
ORD-2022-00332,2022-12-07,2022-12-12,East,Home Office,Office Supplies,Labels,Color Dot Labels,1785.33,1,0.0,511.76
ORD-2022-00333,2022-04-18,2022-04-22,North,Consumer,Technology,Accessories,Laptop Cooling Pad,79460.66,3,0.15,
ORD-2022-00334,2023-11-09,2023-11-14,East,Consumer,Furniture,Storage,Storage Box Set,67468.64,8,0.1,4976.81
ORD-2022-00335,2022-12-29,2023-01-02,East,Consumer,Furniture,Chairs,Ergonomic Office Chair,21157.35,2,0.0,6301.18
ORD-2022-00336,2023-08-01,2023-08-03,East,Consumer,Office Supplies,Paper,Carbon Paper,2688.92,2,0.1,3.15
ORD-2022-00337,2023-09-14,2023-09-21,West,Corporate,Furniture,Chairs,Executive Leather Chair,24062.37,6,0.05,3029.33
ORD-2022-00338,2022-06-13,2022-06-18,West,Corporate,Furniture,Storage,File Cabinet 4-Drawer,83574.74,5,0.1,6538.93
ORD-2022-00339,2022-05-22,2022-05-28,South,Consumer,Furniture,Storage,File Cabinet 4-Drawer,106077.7,9,0.05,16707.76
ORD-2022-00340,2022-02-12,2022-02-14,North,Corporate,Furniture,Storage,Wardrobe 3-Door,16538.52,6,0.2,-2369.32
ORD-2022-00341,2023-08-30,2023-09-06,East,Corporate,Technology,Accessories,Wireless Mouse Combo,66570.0,8,0.05,15861.83
ORD-2022-00342,2023-06-12,2023-06-16,West,Corporate,Office Supplies,Pens & Art,Sketch Pen Set 24,3231.0,5,0.05,258.88
ORD-2022-00343,2023-11-06,2023-11-12,East,Consumer,Office Supplies,Binders,Premium Binder A4,12264.53,7,0.05,655.74
ORD-2022-00344,2022-02-21,2022-03-01,East,Corporate,Technology,Accessories,USB Hub 7-Port,116089.48,3,0.15,-17800.76
ORD-2022-00345,2023-03-15,2023-03-22,North,Corporate,Furniture,Tables,Coffee Table Glass,25408.37,2,0.05,2625.63
ORD-2022-00346,2023-03-19,2023-03-24,East,Consumer,Office Supplies,Pens & Art,Highlighter 6-Pack,1681.5,4,0.0,548.27
ORD-2022-00347,2022-09-26,2022-09-28,West,Consumer,Furniture,Storage,Storage Box Set,40801.85,4,0.1,5905.87
ORD-2022-00348,2023-06-24,2023-06-28,West,Home Office,Office Supplies,Paper,A4 Copy Paper 500-Sheet,598.83,3,0.05,15.06
ORD-2022-00349,2023-11-16,2023-11-24,South,Home Office,Technology,Laptops,HP Pavilion 14,179045.23,5,0.15,-6631.15
ORD-2022-00350,2022-06-18,2022-06-21,South,Corporate,Office Supplies,Binders,Economy Binder Set,10457.58,6,0.05,-326.43
ORD-2022-00351,2022-09-17,2022-09-19,North,Consumer,Office Supplies,Binders,Presentation Binder,5789.5,8,0.0,1347.68
ORD-2022-00352,2023-05-23,2023-05-29,North,Consumer,Furniture,Tables,Study Desk Compact,62211.2,4,0.05,7814.64
ORD-2022-00353,2022-03-07,2022-03-12,West,Corporate,Office Supplies,Paper,A4 Copy Paper 500-Sheet,9611.4,7,0.0,1791.73
ORD-2022-00354,2022-01-19,2022-01-25,South,Consumer,Technology,Laptops,Dell Inspiron 15,12611.95,1,0.2,152.28
ORD-2022-00355,2023-12-03,2023-12-09,South,Home Office,Office Supplies,Binders,Economy Binder Set,2437.9,2,0.0,486.35
ORD-2022-00356,2023-08-03,2023-08-07,East,Corporate,Office Supplies,Binders,Economy Binder Set,3321.14,2,0.05,149.36
ORD-2022-00357,2023-02-16,2023-02-25,North,Consumer,Office Supplies,Binders,Economy Binder Set,997.17,6,0.05,16.19
ORD-2022-00358,2022-05-03,2022-05-11,North,Consumer,Office Supplies,Binders,Presentation Binder,449.23,3,0.05,20.4
ORD-2022-00359,2023-11-22,2023-11-28,North,Consumer,Office Supplies,Labels,Address Label Roll,5286.5,3,0.0,562.81
ORD-2022-00360,2023-02-12,2023-02-14,East,Consumer,Furniture,Tables,Coffee Table Glass,62136.05,8,0.0,7039.18
ORD-2022-00361,2022-06-20,2022-06-27,East,Corporate,Technology,Laptops,HP Pavilion 14,108106.55,2,0.0,31006.29
ORD-2022-00362,2023-04-26,2023-05-01,North,Corporate,Furniture,Tables,Coffee Table Glass,111773.38,8,0.0,14057.3
ORD-2022-00363,2022-03-07,2022-03-10,South,Corporate,Office Supplies,Pens & Art,Highlighter 6-Pack,2548.21,2,0.0,676.73
ORD-2022-00364,2023-12-29,2023-12-31,East,Corporate,Office Supplies,Paper,Carbon Paper,12866.86,8,0.05,1270.1
ORD-2022-00365,2022-09-10,2022-09-17,North,Corporate,Office Supplies,Paper,Carbon Paper,2838.92,3,0.05,-75.18
ORD-2022-00366,2023-11-16,2023-11-23,North,Corporate,Office Supplies,Paper,A4 Copy Paper 500-Sheet,2390.09,8,0.0,662.86
ORD-2022-00367,2023-08-12,2023-08-16,South,Corporate,Furniture,Bookcases,Bookcase Pro 5-Shelf,98420.41,7,0.0,8543.26
ORD-2022-00368,2022-12-06,2022-12-10,North,Corporate,Office Supplies,Binders,Premium Binder A4,7416.5,5,0.0,1116.63
ORD-2022-00369,2023-06-21,2023-06-24,North,Consumer,Office Supplies,Binders,Premium Binder A4,1368.31,6,0.0,321.47
ORD-2022-00370,2022-08-29,2022-09-03,South,Corporate,Office Supplies,Paper,A4 Copy Paper 500-Sheet,2349.19,4,0.05,101.76
ORD-2022-00371,2022-01-25,2022-02-03,North,Consumer,Furniture,Chairs,Guest Chair,7085.54,1,0.0,1628.87
ORD-2022-00372,2022-02-17,2022-02-21,North,Consumer,Furniture,Chairs,Ergonomic Office Chair,58739.81,4,0.05,2634.53
ORD-2022-00373,2022-06-03,2022-06-08,North,Corporate,Furniture,Bookcases,Bookcase Classic 3-Shelf,58668.52,5,0.1,1879.01
ORD-2022-00374,2022-04-05,2022-04-07,West,Home Office,Furniture,Chairs,Ergonomic Office Chair,2613.85,5,0.0,502.88
ORD-2022-00375,2022-03-14,2022-03-19,South,Corporate,Office Supplies,Labels,Color Dot Labels,13680.06,7,0.0,3982.41
ORD-2022-00376,2023-03-10,2023-03-15,South,Corporate,Furniture,Chairs,Ergonomic Office Chair,111891.29,7,0.05,4171.52
ORD-2022-00377,2023-12-27,2023-12-31,North,Consumer,Office Supplies,Paper,A4 Copy Paper 500-Sheet,6401.45,4,0.0,1648.91
ORD-2022-00378,2022-11-01,2022-11-03,West,Home Office,Furniture,Tables,Coffee Table Glass,49593.39,4,0.2,-4470.2
ORD-2022-00379,2022-08-03,2022-08-10,East,Consumer,Furniture,Bookcases,Bookcase Classic 3-Shelf,49330.87,8,0.05,2586.85
ORD-2022-00380,2023-11-19,2023-11-25,East,Corporate,Furniture,Tables,Study Desk Compact,30365.21,4,0.15,-61.5
ORD-2022-00381,2022-02-04,2022-02-08,East,Consumer,Furniture,Tables,Study Desk Compact,12149.16,1,0.05,2304.35
ORD-2022-00382,2023-04-29,2023-05-05,South,Home Office,Office Supplies,Pens & Art,Ballpoint Pen Box,4299.92,3,0.05,713.67
ORD-2022-00383,2022-01-24,2022-01-29,North,Consumer,Office Supplies,Paper,Photo Glossy Paper,4392.61,6,0.05,484.23
ORD-2022-00384,2023-05-03,2023-05-12,East,Consumer,Technology,Printers,HP LaserJet Pro,5248.03,1,0.05,81.45
ORD-2022-00385,2023-12-05,2023-12-11,South,Consumer,Furniture,Tables,Coffee Table Glass,4594.84,2,,-338.95
ORD-2022-00386,2022-11-02,2022-11-05,East,Home Office,Furniture,Storage,Storage Box Set,132487.61,7,0.05,31956.49
ORD-2022-00387,2023-06-12,2023-06-16,North,Corporate,Furniture,Bookcases,Bookcase Classic 3-Shelf,27741.87,9,0.1,1083.99
ORD-2022-00388,2023-09-01,2023-09-04,East,Consumer,Furniture,Bookcases,Bookcase Classic 3-Shelf,52214.5,4,0.05,9960.37
ORD-2022-00389,2023-08-05,2023-08-12,North,Home Office,Furniture,Chairs,Ergonomic Office Chair,161270.75,8,0.05,12545.73
ORD-2022-00390,2023-05-14,2023-05-21,East,Home Office,Office Supplies,Pens & Art,Highlighter 6-Pack,5403.3,8,,591.98
ORD-2022-00391,2023-04-19,2023-04-26,West,Consumer,Furniture,Chairs,Guest Chair,164498.38,8,0.15,-19106.65
ORD-2022-00392,2023-03-07,2023-03-15,North,Corporate,Office Supplies,Pens & Art,Highlighter 6-Pack,11736.71,6,0.05,2421.87
ORD-2022-00393,2022-05-02,2022-05-04,South,Home Office,Office Supplies,Pens & Art,Sketch Pen Set 24,2310.97,8,0.0,752.33
ORD-2022-00394,2023-04-22,2023-04-29,North,Consumer,Technology,Accessories,Wireless Mouse Combo,59044.87,5,0.1,-9698.85
ORD-2022-00395,2022-09-30,2022-10-02,West,Consumer,Technology,Phones,Redmi Note 12,61325.34,2,0.1,5611.37
ORD-2022-00396,2023-04-30,2023-05-05,East,Consumer,Office Supplies,Labels,Address Label Roll,1683.2,6,0.0,219.17
ORD-2022-00397,2022-02-13,2022-02-17,South,Consumer,Furniture,Bookcases,Bookcase Pro 5-Shelf,160163.35,9,0.15,-13618.18
ORD-2022-00398,2023-07-01,2023-07-09,East,Consumer,Office Supplies,Binders,Premium Binder A4,16554.71,9,0.1,-1681.6
ORD-2022-00399,2023-06-02,2023-06-10,East,Corporate,Technology,Laptops,Dell Inspiron 15,34539.0,1,0.3,-13195.0
ORD-2022-00400,2023-07-28,2023-08-01,East,Corporate,Furniture,Tables,Coffee Table Glass,19533.0,2,0.05,2166.56
ORD-2022-00401,2023-12-16,2023-12-19,East,Consumer,Office Supplies,Binders,Economy Binder Set,1864.19,9,0.0,607.58
ORD-2022-00402,2022-11-14,2022-11-23,South,Corporate,Technology,Phones,OnePlus Nord CE 3,459231.18,8,0.05,-17858.82
ORD-2022-00403,2023-12-25,2023-12-31,East,Consumer,Furniture,Chairs,Ergonomic Office Chair,95302.12,4,,-9069.5
ORD-2022-00404,2022-09-04,2022-09-08,North,Corporate,Office Supplies,Paper,Photo Glossy Paper,917.46,1,0.2,-270.68
ORD-2022-00405,2023-10-05,2023-10-09,East,Consumer,Technology,Printers,HP LaserJet Pro,300949.57,6,0.15,-15008.32
ORD-2022-00406,2023-04-09,2023-04-18,South,Consumer,Office Supplies,Labels,Barcode Label Set,1654.07,4,0.0,262.69
ORD-2022-00407,2023-07-29,2023-08-02,West,Consumer,Office Supplies,Pens & Art,Sketch Pen Set 24,1801.01,1,0.0,361.31
ORD-2022-00408,2023-08-01,2023-08-04,West,Corporate,Furniture,Tables,Dining Table Oak,8504.08,2,0.1,-72.11
ORD-2022-00409,2023-11-05,2023-11-10,East,Consumer,Furniture,Storage,Storage Box Set,17064.3,2,0.1,-1200.55
ORD-2022-00410,2022-06-04,2022-06-10,North,Consumer,Technology,Accessories,Wireless Mouse Combo,41722.75,3,0.15,-5824.13
ORD-2022-00411,2022-05-29,2022-05-31,East,Home Office,Technology,Printers,HP LaserJet Pro,75169.25,3,0.05,-742.95
ORD-2022-00412,2023-10-19,2023-10-23,South,Consumer,Office Supplies,Labels,Color Dot Labels,1561.8,4,0.1,107.31
ORD-2022-00413,2022-11-26,2022-11-29,North,Corporate,Furniture,Tables,Study Desk Compact,137344.45,9,0.1,5573.58
ORD-2022-00414,2022-01-08,2022-01-13,North,Consumer,Office Supplies,Paper,Photo Glossy Paper,1179.34,2,0.2,-143.4
ORD-2022-00415,2023-02-26,2023-03-05,North,Consumer,Office Supplies,Labels,Barcode Label Set,908.75,7,0.0,152.35
ORD-2022-00416,2022-03-11,2022-03-17,North,Corporate,Office Supplies,Binders,Presentation Binder,392.09,2,0.0,52.01
ORD-2022-00417,2023-06-28,2023-07-01,East,Consumer,Furniture,Chairs,Ergonomic Office Chair,43645.44,4,0.15,2329.35
ORD-2022-00418,2022-08-17,2022-08-20,East,Home Office,Technology,Phones,OnePlus Nord CE 3,54256.39,2,0.05,-1390.65
ORD-2022-00419,2022-07-05,2022-07-08,West,Consumer,Office Supplies,Labels,Address Label Roll,6815.82,4,0.0,1033.32
ORD-2022-00420,2023-06-30,2023-07-06,North,Consumer,Furniture,Storage,File Cabinet 4-Drawer,39712.39,6,0.2,-4403.85
ORD-2022-00421,2023-10-30,2023-11-02,South,Consumer,Office Supplies,Paper,Carbon Paper,4092.38,5,0.0,1151.88
ORD-2022-00422,2023-02-01,2023-02-07,North,Consumer,Office Supplies,Binders,Premium Binder A4,3395.39,2,0.05,130.9
ORD-2022-00423,2023-12-11,2023-12-13,North,Consumer,Office Supplies,Binders,Premium Binder A4,4802.22,7,0.2,-973.17
ORD-2022-00424,2022-07-08,2022-07-16,South,Corporate,Office Supplies,Binders,Economy Binder Set,604.04,9,0.0,130.74
ORD-2022-00425,2022-10-11,2022-10-20,North,Corporate,Technology,Laptops,Dell Inspiron 15,527475.79,7,0.15,-76661.11
ORD-2022-00426,2022-07-19,2022-07-25,West,Consumer,Furniture,Bookcases,Bookcase Pro 5-Shelf,48615.15,6,0.0,16418.77
ORD-2022-00427,2022-10-08,2022-10-16,South,Corporate,Technology,Accessories,Wireless Mouse Combo,75540.39,5,0.25,-18015.35
ORD-2022-00428,2023-03-05,2023-03-08,East,Home Office,Furniture,Storage,File Cabinet 4-Drawer,24241.12,2,0.05,-563.66
ORD-2022-00429,2022-03-31,2022-04-02,South,Corporate,Technology,Printers,HP LaserJet Pro,424399.58,9,0.05,77325.74
ORD-2022-00430,2023-07-14,2023-07-18,South,Corporate,Technology,Phones,OnePlus Nord CE 3,575875.18,9,,-318620.82
ORD-2022-00431,2022-04-24,2022-04-26,West,Home Office,Office Supplies,Labels,Color Dot Labels,4317.35,5,0.1,312.51
ORD-2022-00432,2022-06-14,2022-06-20,North,Consumer,Office Supplies,Binders,Presentation Binder,785.12,2,0.2,-132.28
ORD-2022-00433,2023-05-22,2023-05-25,West,Consumer,Furniture,Storage,Storage Box Set,44005.64,9,0.1,8276.4
ORD-2022-00434,2023-08-27,2023-08-29,North,Consumer,Furniture,Bookcases,Bookcase Pro 5-Shelf,14876.37,9,0.0,4948.97
ORD-2022-00435,2022-11-02,2022-11-04,North,Home Office,Office Supplies,Paper,A4 Copy Paper 500-Sheet,1974.04,1,0.2,-304.44
ORD-2022-00436,2022-03-21,2022-03-30,West,Home Office,Furniture,Chairs,Executive Leather Chair,215931.25,9,0.1,-11965.41
ORD-2022-00437,2023-01-22,2023-01-25,East,Consumer,Furniture,Tables,Dining Table Oak,12393.44,6,0.0,2571.65
ORD-2022-00438,2023-01-08,2023-01-14,South,Consumer,Technology,Phones,OnePlus Nord CE 3,227732.61,3,0.0,51270.77
ORD-2022-00439,2023-07-29,2023-08-05,East,Consumer,Office Supplies,Pens & Art,Sketch Pen Set 24,9569.47,5,0.0,909.49
ORD-2022-00440,2022-07-15,2022-07-24,North,Consumer,Furniture,Storage,Storage Box Set,65607.96,5,0.1,7407.9
ORD-2022-00441,2022-12-01,2022-12-10,South,Consumer,Technology,Printers,HP LaserJet Pro,139373.76,3,0.05,3867.02
ORD-2022-00442,2022-04-06,2022-04-13,North,Consumer,Office Supplies,Labels,Barcode Label Set,2651.95,2,0.05,544.91
ORD-2022-00443,2023-05-23,2023-05-30,North,Consumer,Office Supplies,Binders,Economy Binder Set,15481.05,8,0.0,4981.8
ORD-2022-00444,2022-07-23,2022-07-26,South,Corporate,Office Supplies,Pens & Art,Ballpoint Pen Box,1545.02,6,0.1,-307.99
ORD-2022-00445,2022-12-24,2022-12-29,West,Consumer,Office Supplies,Paper,Carbon Paper,521.12,1,0.05,-11.39
ORD-2022-00446,2023-05-01,2023-05-07,East,Consumer,Furniture,Storage,Wardrobe 3-Door,127040.49,6,0.0,42862.56
ORD-2022-00447,2023-11-19,2023-11-21,East,Consumer,Office Supplies,Labels,Barcode Label Set,10114.72,7,0.1,-1460.31
ORD-2022-00448,2023-05-01,2023-05-06,West,Home Office,Office Supplies,Labels,Address Label Roll,913.36,5,0.05,137.56
ORD-2022-00449,2023-10-29,2023-11-05,East,Consumer,Furniture,Tables,Dining Table Oak,223444.03,9,0.0,70135.25
ORD-2022-00450,2022-08-15,2022-08-20,South,Consumer,Office Supplies,Labels,Color Dot Labels,1067.64,7,0.05,105.58
ORD-2022-00451,2023-10-02,2023-10-08,North,Consumer,Furniture,Chairs,Guest Chair,33367.87,7,0.15,-7967.36
ORD-2022-00452,2022-03-11,2022-03-13,North,Consumer,Office Supplies,Paper,Photo Glossy Paper,10172.34,9,0.0,1649.07
ORD-2022-00453,2022-08-02,2022-08-07,North,Consumer,Office Supplies,Binders,Premium Binder A4,1310.49,1,0.0,330.92
ORD-2022-00454,2023-04-24,2023-05-03,South,Consumer,Furniture,Storage,Storage Box Set,31515.29,7,0.0,7015.65
ORD-2022-00455,2023-01-10,2023-01-15,West,Corporate,Technology,Printers,HP LaserJet Pro,80810.72,7,,8661.17
ORD-2022-00456,2022-12-17,2022-12-21,East,Consumer,Furniture,Bookcases,Bookcase Classic 3-Shelf,33601.7,3,0.15,-6483.63
ORD-2022-00457,2022-01-21,2022-01-29,West,Corporate,Technology,Accessories,Laptop Cooling Pad,140884.99,2,0.1,3459.77
ORD-2022-00458,2023-12-04,2023-12-08,North,Home Office,Furniture,Bookcases,Bookcase Classic 3-Shelf,107645.48,5,0.15,-17249.67
ORD-2022-00459,2023-05-10,2023-05-17,West,Consumer,Technology,Phones,OnePlus Nord CE 3,266243.93,5,0.15,-68869.83
ORD-2022-00460,2023-02-25,2023-03-01,West,Consumer,Technology,Printers,Epson L3252,348263.51,5,,-111069.07
ORD-2022-00461,2023-09-01,2023-09-07,East,Corporate,Furniture,Storage,Wardrobe 3-Door,123614.6,6,0.0,24509.3
ORD-2022-00462,2022-09-28,2022-10-05,East,Consumer,Office Supplies,Labels,Address Label Roll,4993.43,6,0.0,1107.89
ORD-2022-00463,2023-01-08,2023-01-10,South,Consumer,Furniture,Tables,Dining Table Oak,20639.63,3,0.15,-1217.29
ORD-2022-00464,2022-02-27,2022-03-06,South,Corporate,Technology,Accessories,Wireless Mouse Combo,353955.64,7,0.0,83627.06
ORD-2022-00465,2023-05-21,2023-05-24,West,Consumer,Furniture,Bookcases,Bookcase Classic 3-Shelf,166477.65,7,0.0,14802.06
ORD-2022-00466,2022-02-15,2022-02-23,North,Consumer,Furniture,Storage,File Cabinet 4-Drawer,858.85,1,0.3,-560.82
ORD-2022-00467,2022-07-26,2022-08-04,East,Consumer,Office Supplies,Binders,Presentation Binder,5483.05,3,0.0,1895.28
ORD-2022-00468,2022-11-11,2022-11-19,West,Consumer,Furniture,Chairs,Ergonomic Office Chair,118544.25,5,0.1,-2995.11
ORD-2022-00469,2022-11-29,2022-12-01,South,Corporate,Furniture,Chairs,Executive Leather Chair,16099.06,4,0.05,537.7
ORD-2022-00470,2023-01-07,2023-01-13,North,Consumer,Furniture,Storage,File Cabinet 4-Drawer,18349.16,2,0.1,367.19
ORD-2022-00471,2023-08-25,2023-08-31,South,Consumer,Office Supplies,Pens & Art,Ballpoint Pen Box,369.05,1,0.2,-59.01
ORD-2022-00472,2023-05-29,2023-06-02,North,Home Office,Technology,Laptops,Dell Inspiron 15,126319.88,7,0.0,25428.71
ORD-2022-00473,2022-12-28,2022-12-30,East,Consumer,Office Supplies,Paper,A4 Copy Paper 500-Sheet,514.98,9,0.0,151.23
ORD-2022-00474,2023-03-17,2023-03-19,West,Consumer,Furniture,Chairs,Guest Chair,65338.63,3,0.0,21326.75
ORD-2022-00475,2022-11-09,2022-11-16,North,Consumer,Office Supplies,Binders,Premium Binder A4,8244.86,8,0.2,-72.09
ORD-2022-00476,2023-06-26,2023-06-29,North,Home Office,Technology,Phones,Samsung Galaxy A34,251138.35,9,0.3,-193078.72
ORD-2022-00477,2023-01-28,2023-01-31,North,Consumer,Furniture,Storage,Wardrobe 3-Door,12941.7,2,0.1,-680.11
ORD-2022-00478,2022-06-11,2022-06-17,South,Home Office,Furniture,Chairs,Guest Chair,74722.5,3,0.15,-4777.97
ORD-2022-00479,2023-04-29,2023-05-02,North,Consumer,Technology,Laptops,Dell Inspiron 15,32839.62,4,0.0,4502.54
ORD-2022-00480,2022-09-21,2022-09-24,North,Consumer,Technology,Printers,HP LaserJet Pro,99049.44,3,0.2,-38687.51
ORD-2022-00481,2023-11-13,2023-11-19,South,Consumer,Office Supplies,Pens & Art,Ballpoint Pen Box,1724.76,3,0.0,301.77
ORD-2022-00482,2023-11-20,2023-11-23,East,Consumer,Office Supplies,Labels,Address Label Roll,1072.19,7,0.2,-195.84
ORD-2022-00483,2023-02-26,2023-03-01,West,Home Office,Technology,Laptops,HP Pavilion 14,382844.82,8,0.15,-54571.02
ORD-2022-00484,2022-09-03,2022-09-10,South,Consumer,Technology,Laptops,HP Pavilion 14,33140.83,3,,-2188.68
ORD-2022-00485,2022-03-20,2022-03-25,South,Corporate,Technology,Accessories,USB Hub 7-Port,21436.44,2,0.1,-1453.47
ORD-2022-00486,2022-07-29,2022-08-06,South,Consumer,Technology,Accessories,Laptop Cooling Pad,518677.75,9,0.2,-1359.64
ORD-2022-00487,2022-06-22,2022-07-01,West,Consumer,Office Supplies,Labels,Color Dot Labels,11277.32,7,0.0,1531.86
ORD-2022-00488,2022-07-11,2022-07-20,South,Consumer,Furniture,Tables,Coffee Table Glass,129146.42,6,0.3,
ORD-2022-00489,2023-05-17,2023-05-20,West,Home Office,Office Supplies,Binders,Premium Binder A4,830.7,1,0.1,-61.46
ORD-2022-00490,2023-11-11,2023-11-14,West,Consumer,Technology,Printers,Canon Pixma G3010,349828.35,8,0.3,-201490.05
ORD-2022-00491,2023-11-04,2023-11-12,East,Home Office,Furniture,Storage,Wardrobe 3-Door,47709.01,7,0.0,11537.32
ORD-2022-00492,2022-12-07,2022-12-13,East,Home Office,Technology,Printers,Canon Pixma G3010,365895.51,9,0.2,-35377.17
ORD-2022-00493,2023-07-14,2023-07-16,North,Consumer,Office Supplies,Paper,A4 Copy Paper 500-Sheet,2544.65,2,0.1,302.9
ORD-2022-00494,2022-06-10,2022-06-19,South,Home Office,Office Supplies,Labels,Barcode Label Set,3460.28,4,0.0,361.58
ORD-2022-00495,2023-10-11,2023-10-20,East,Consumer,Furniture,Bookcases,Bookcase Classic 3-Shelf,35140.99,2,0.05,5302.14
ORD-2022-00496,2023-05-31,2023-06-03,North,Consumer,Furniture,Tables,Coffee Table Glass,23210.11,2,0.1,-2075.69
ORD-2022-00497,2022-07-05,2022-07-12,South,Consumer,Office Supplies,Binders,Presentation Binder,7761.68,8,0.1,-85.72
ORD-2022-00498,2022-01-17,2022-01-21,North,Consumer,Technology,Phones,OnePlus Nord CE 3,179797.3,4,0.3,-42534.01
ORD-2022-00499,2023-08-15,2023-08-23,South,Corporate,Office Supplies,Labels,Barcode Label Set,2766.72,3,0.0,403.21
ORD-2022-00500,2022-03-07,2022-03-09,East,Consumer,Furniture,Tables,Coffee Table Glass,61592.7,7,,5796.82
ORD-2022-00501,2022-07-01,2022-07-09,South,Consumer,Office Supplies,Labels,Color Dot Labels,1062.45,1,0.0,252.32
ORD-2022-00502,2023-09-20,2023-09-23,North,Corporate,Technology,Phones,Redmi Note 12,174333.96,8,0.15,-64297.97
ORD-2022-00503,2023-05-11,2023-05-19,South,Corporate,Furniture,Storage,Wardrobe 3-Door,27087.32,5,0.0,6705.48
ORD-2022-00504,2022-06-15,2022-06-23,West,Home Office,Office Supplies,Labels,Barcode Label Set,14064.56,8,0.05,1261.72
ORD-2022-00505,2023-12-04,2023-12-09,South,Consumer,Furniture,Chairs,Guest Chair,38292.75,7,0.3,-24974.1
ORD-2022-00506,2022-05-31,2022-06-06,West,Home Office,Furniture,Storage,File Cabinet 4-Drawer,222038.57,9,0.0,55282.52
ORD-2022-00507,2022-08-14,2022-08-21,South,Corporate,Office Supplies,Labels,Address Label Roll,1343.39,2,0.0,459.35
ORD-2022-00508,2022-11-22,2022-11-26,North,Home Office,Furniture,Storage,File Cabinet 4-Drawer,129990.09,8,0.2,-32621.39
ORD-2022-00509,2022-11-09,2022-11-13,North,Corporate,Office Supplies,Pens & Art,Ballpoint Pen Box,2134.68,2,0.2,-392.93
ORD-2022-00510,2023-10-10,2023-10-13,West,Corporate,Office Supplies,Labels,Color Dot Labels,6228.15,4,0.0,1126.08
ORD-2022-00511,2023-10-01,2023-10-10,North,Corporate,Office Supplies,Labels,Color Dot Labels,1433.38,5,0.0,338.58
ORD-2022-00512,2023-01-02,2023-01-05,West,Corporate,Furniture,Storage,Wardrobe 3-Door,173897.01,8,0.2,-51341.15
ORD-2022-00513,2022-07-29,2022-07-31,North,Corporate,Technology,Printers,Canon Pixma G3010,337803.64,9,0.0,63537.17
ORD-2022-00514,2022-08-01,2022-08-05,West,Consumer,Furniture,Chairs,Guest Chair,26022.08,6,0.15,2552.09
ORD-2022-00515,2022-08-09,2022-08-13,South,Corporate,Technology,Laptops,Dell Inspiron 15,66974.79,1,0.3,-39409.8
ORD-2022-00516,2023-04-25,2023-04-29,North,Consumer,Office Supplies,Paper,A4 Copy Paper 500-Sheet,892.63,1,0.0,165.27
ORD-2022-00517,2023-08-19,2023-08-22,West,Corporate,Office Supplies,Pens & Art,Sketch Pen Set 24,6198.94,8,0.0,1552.34
ORD-2022-00518,2023-02-25,2023-03-01,North,Corporate,Office Supplies,Pens & Art,Highlighter 6-Pack,1782.85,1,0.0,
ORD-2022-00519,2023-11-29,2023-12-05,North,Home Office,Office Supplies,Pens & Art,Ballpoint Pen Box,199.61,1,0.05,7.78
ORD-2022-00520,2023-11-20,2023-11-22,West,Consumer,Office Supplies,Labels,Color Dot Labels,2620.46,5,0.0,535.6
ORD-2022-00521,2022-06-29,2022-07-07,East,Consumer,Technology,Printers,Epson L3252,201595.3,6,0.15,-20146.53
ORD-2022-00522,2022-08-19,2022-08-22,South,Consumer,Office Supplies,Binders,Premium Binder A4,3785.57,2,0.05,131.1
ORD-2022-00523,2022-10-11,2022-10-16,South,Corporate,Furniture,Tables,Dining Table Oak,91761.63,4,0.0,24125.52
ORD-2022-00524,2023-09-13,2023-09-21,West,Home Office,Furniture,Chairs,Ergonomic Office Chair,146853.89,9,0.15,9240.09
ORD-2022-00525,2023-08-21,2023-08-28,East,Corporate,Office Supplies,Binders,Economy Binder Set,1981.75,1,0.0,394.29
ORD-2022-00526,2023-09-27,2023-10-04,North,Home Office,Technology,Phones,Redmi Note 12,214901.15,8,0.05,-1830.17
ORD-2022-00527,2022-03-20,2022-03-22,South,Consumer,Technology,Printers,HP LaserJet Pro,428016.42,7,0.1,-40069.58
ORD-2022-00528,2022-11-14,2022-11-20,West,Corporate,Technology,Printers,Canon Pixma G3010,231755.09,4,0.25,-68749.7
ORD-2022-00529,2023-10-11,2023-10-14,North,Consumer,Office Supplies,Paper,Photo Glossy Paper,11676.29,8,0.05,2688.63
ORD-2022-00530,2022-02-23,2022-02-28,West,Consumer,Technology,Phones,OnePlus Nord CE 3,508248.59,7,0.0,46297.5
ORD-2022-00531,2022-06-07,2022-06-09,West,Home Office,Office Supplies,Labels,Barcode Label Set,1544.38,1,0.05,329.06
ORD-2022-00532,2022-12-23,2022-12-25,North,Consumer,Office Supplies,Binders,Presentation Binder,2972.58,3,0.0,632.15
ORD-2022-00533,2022-10-22,2022-10-31,East,Corporate,Office Supplies,Paper,Carbon Paper,3321.6,7,0.0,288.9
ORD-2022-00534,2022-04-04,2022-04-12,North,Corporate,Office Supplies,Pens & Art,Ballpoint Pen Box,4874.61,3,0.1,519.67
ORD-2022-00535,2023-01-31,2023-02-03,East,Corporate,Office Supplies,Labels,Barcode Label Set,916.73,2,0.05,55.35
ORD-2022-00536,2023-08-16,2023-08-22,North,Corporate,Technology,Laptops,Dell Inspiron 15,223629.71,5,0.25,-82412.74
ORD-2022-00537,2023-10-31,2023-11-04,South,Consumer,Office Supplies,Paper,Photo Glossy Paper,1139.96,1,0.2,-266.27
ORD-2022-00538,2022-01-10,2022-01-15,East,Home Office,Furniture,Bookcases,Bookcase Classic 3-Shelf,708.14,1,0.15,-212.84
ORD-2022-00539,2023-10-19,2023-10-26,East,Consumer,Office Supplies,Paper,A4 Copy Paper 500-Sheet,2978.31,4,0.0,576.21
ORD-2022-00540,2022-09-27,2022-10-06,West,Consumer,Furniture,Storage,Storage Box Set,57053.99,8,0.1,4186.62
ORD-2022-00541,2023-10-24,2023-10-31,South,Consumer,Office Supplies,Binders,Economy Binder Set,8416.98,9,0.1,769.16
ORD-2022-00542,2022-06-05,2022-06-10,West,Home Office,Office Supplies,Binders,Premium Binder A4,17025.34,9,0.05,227.65
ORD-2022-00543,2023-07-09,2023-07-17,West,Consumer,Technology,Phones,Samsung Galaxy A34,324526.86,6,0.1,4542.76
ORD-2022-00544,2022-09-10,2022-09-17,South,Corporate,Office Supplies,Labels,Barcode Label Set,2429.56,4,0.1,-180.71
ORD-2022-00545,2022-05-21,2022-05-24,West,Consumer,Furniture,Bookcases,Bookcase Classic 3-Shelf,47382.14,7,0.1,-572.48
ORD-2022-00546,2022-07-22,2022-07-30,North,Consumer,Office Supplies,Paper,Carbon Paper,15525.11,9,0.0,1989.54
ORD-2022-00547,2023-10-28,2023-11-05,South,Home Office,Furniture,Tables,Dining Table Oak,18591.04,2,0.05,1526.15
ORD-2022-00548,2023-02-08,2023-02-11,East,Corporate,Furniture,Storage,Storage Box Set,26142.13,4,0.0,6564.85
ORD-2022-00549,2022-12-02,2022-12-09,East,Corporate,Furniture,Tables,Study Desk Compact,67372.65,5,0.05,79.65
ORD-2022-00550,2023-12-17,2023-12-25,North,Consumer,Furniture,Chairs,Executive Leather Chair,27876.85,3,0.05,318.31
ORD-2022-00551,2023-06-18,2023-06-21,West,Home Office,Technology,Printers,HP LaserJet Pro,159564.37,3,0.25,-65820.49
ORD-2022-00552,2023-12-14,2023-12-21,North,Consumer,Office Supplies,Pens & Art,Ballpoint Pen Box,1779.34,1,0.0,418.62
ORD-2022-00553,2023-01-16,2023-01-18,West,Consumer,Office Supplies,Labels,Barcode Label Set,7761.96,9,0.1,-1205.06
ORD-2022-00554,2022-06-25,2022-06-27,East,Consumer,Technology,Accessories,Wireless Mouse Combo,270109.68,7,0.3,-77113.0
ORD-2022-00555,2022-11-16,2022-11-18,East,Consumer,Furniture,Storage,File Cabinet 4-Drawer,43651.52,9,,53.98
ORD-2022-00556,2022-06-18,2022-06-25,West,Consumer,Technology,Printers,HP LaserJet Pro,214382.42,8,,26685.75
ORD-2022-00557,2023-03-02,2023-03-08,South,Home Office,Technology,Laptops,Lenovo IdeaPad Slim 5,69097.78,2,0.15,-14656.91
ORD-2022-00558,2022-04-20,2022-04-29,East,Consumer,Office Supplies,Paper,Photo Glossy Paper,3308.13,4,0.0,1123.56
ORD-2022-00559,2023-01-04,2023-01-07,North,Consumer,Furniture,Chairs,Guest Chair,18617.13,1,0.05,3910.96
ORD-2022-00560,2022-01-20,2022-01-29,South,Consumer,Furniture,Storage,Storage Box Set,136273.71,9,0.15,-14345.65
ORD-2022-00561,2022-12-16,2022-12-19,South,Consumer,Furniture,Bookcases,Bookcase Pro 5-Shelf,186582.7,8,0.1,28105.2
ORD-2022-00562,2023-01-14,2023-01-18,North,Consumer,Technology,Phones,OnePlus Nord CE 3,519845.54,9,0.15,5922.07
ORD-2022-00563,2022-11-22,2022-11-29,West,Corporate,Office Supplies,Pens & Art,Ballpoint Pen Box,4720.55,3,0.05,52.31
ORD-2022-00564,2023-10-28,2023-11-06,West,Consumer,Technology,Laptops,HP Pavilion 14,150210.55,9,0.15,-24525.8
ORD-2022-00565,2022-03-26,2022-04-04,South,Consumer,Technology,Phones,OnePlus Nord CE 3,95613.39,6,0.2,-24947.1
ORD-2022-00566,2022-05-18,2022-05-26,West,Home Office,Furniture,Bookcases,Bookcase Pro 5-Shelf,38983.9,3,0.2,-10290.12
ORD-2022-00567,2022-04-14,2022-04-17,West,Corporate,Office Supplies,Binders,Presentation Binder,5174.22,3,0.1,-77.21
ORD-2022-00568,2023-06-05,2023-06-12,West,Consumer,Furniture,Storage,Wardrobe 3-Door,23105.21,4,0.0,7530.57
ORD-2022-00569,2023-07-14,2023-07-23,North,Consumer,Technology,Printers,Epson L3252,279658.76,9,0.05,40055.98
ORD-2022-00570,2022-03-29,2022-04-02,South,Corporate,Furniture,Storage,File Cabinet 4-Drawer,25399.48,2,0.15,664.07
ORD-2022-00571,2022-06-01,2022-06-08,North,Corporate,Office Supplies,Pens & Art,Sketch Pen Set 24,973.86,1,0.1,-52.55
ORD-2022-00572,2022-03-04,2022-03-11,West,Consumer,Office Supplies,Binders,Economy Binder Set,1262.79,2,0.0,326.21
ORD-2022-00573,2023-07-12,2023-07-21,North,Consumer,Office Supplies,Paper,Carbon Paper,6655.24,9,0.05,1153.03
ORD-2022-00574,2022-12-09,2022-12-15,South,Consumer,Office Supplies,Labels,Barcode Label Set,6457.18,4,0.0,2079.19
ORD-2022-00575,2022-01-10,2022-01-12,West,Corporate,Furniture,Bookcases,Bookcase Pro 5-Shelf,9533.22,1,0.05,2126.81
ORD-2022-00576,2023-10-05,2023-10-07,West,Corporate,Furniture,Chairs,Guest Chair,7111.41,7,0.2,-334.38
ORD-2022-00577,2023-02-06,2023-02-14,West,Consumer,Office Supplies,Pens & Art,Ballpoint Pen Box,3191.15,4,0.0,760.0
ORD-2022-00578,2023-10-14,2023-10-21,North,Corporate,Office Supplies,Binders,Presentation Binder,2274.97,4,0.0,754.94
ORD-2022-00579,2022-12-18,2022-12-20,East,Corporate,Furniture,Tables,Dining Table Oak,39578.2,5,,8334.45
ORD-2022-00580,2022-12-12,2022-12-15,South,Consumer,Furniture,Tables,Coffee Table Glass,92210.18,8,0.05,19869.7
ORD-2022-00581,2023-06-19,2023-06-24,West,Consumer,Furniture,Bookcases,Bookcase Pro 5-Shelf,58249.57,4,0.1,-5484.28
ORD-2022-00582,2022-07-13,2022-07-18,North,Consumer,Office Supplies,Pens & Art,Highlighter 6-Pack,3925.21,6,0.2,-282.71
ORD-2022-00583,2022-08-17,2022-08-24,West,Consumer,Office Supplies,Pens & Art,Ballpoint Pen Box,407.24,6,0.05,28.76
ORD-2022-00584,2022-09-23,2022-09-26,West,Consumer,Office Supplies,Paper,A4 Copy Paper 500-Sheet,1784.58,7,0.1,-62.56
ORD-2022-00585,2023-01-16,2023-01-21,North,Corporate,Technology,Printers,Canon Pixma G3010,376375.86,8,0.0,78756.45
ORD-2022-00586,2023-08-25,2023-09-03,East,Corporate,Furniture,Storage,Storage Box Set,48037.46,9,0.15,-3552.34
ORD-2022-00587,2023-04-25,2023-04-27,East,Home Office,Technology,Laptops,HP Pavilion 14,248654.03,5,0.2,-15104.49
ORD-2022-00588,2022-04-17,2022-04-24,South,Consumer,Furniture,Bookcases,Bookcase Classic 3-Shelf,4434.97,2,0.1,5.98
ORD-2022-00589,2023-08-13,2023-08-18,North,Consumer,Technology,Accessories,Laptop Cooling Pad,194318.86,3,0.1,7342.85
ORD-2022-00590,2022-09-30,2022-10-05,South,Consumer,Technology,Phones,OnePlus Nord CE 3,664560.78,9,0.15,-71510.81
ORD-2022-00591,2023-11-25,2023-11-27,North,Consumer,Technology,Accessories,Wireless Mouse Combo,307398.21,5,0.25,-139193.08
ORD-2022-00592,2022-06-18,2022-06-22,North,Corporate,Furniture,Tables,Study Desk Compact,79876.96,4,0.0,17370.09
ORD-2022-00593,2022-07-22,2022-07-28,East,Corporate,Technology,Accessories,Laptop Cooling Pad,701035.45,9,0.1,-91044.41
ORD-2022-00594,2023-09-17,2023-09-24,South,Corporate,Office Supplies,Binders,Premium Binder A4,978.84,7,0.05,103.17
ORD-2022-00595,2022-01-02,2022-01-11,East,Home Office,Furniture,Storage,Storage Box Set,59764.34,8,0.1,-8837.85
ORD-2022-00596,2022-11-02,2022-11-09,West,Consumer,Furniture,Chairs,Ergonomic Office Chair,98249.25,4,0.2,-37053.69
ORD-2022-00597,2023-12-27,2024-01-05,East,Consumer,Furniture,Tables,Coffee Table Glass,49516.16,4,0.05,8738.07
ORD-2022-00598,2023-05-13,2023-05-15,South,Corporate,Furniture,Bookcases,Bookcase Pro 5-Shelf,14472.66,1,0.0,1969.91
ORD-2022-00599,2022-11-24,2022-11-26,West,Home Office,Technology,Phones,OnePlus Nord CE 3,52999.34,9,0.15,-2500.31
ORD-2022-00600,2022-05-25,2022-05-30,North,Consumer,Office Supplies,Binders,Economy Binder Set,4326.32,3,0.0,
ORD-2022-00601,2022-05-28,2022-06-04,East,Consumer,Technology,Printers,Canon Pixma G3010,71729.37,2,0.25,-30724.47
ORD-2022-00602,2023-06-23,2023-06-30,North,Consumer,Office Supplies,Pens & Art,Sketch Pen Set 24,3756.16,9,0.2,-1070.61
ORD-2022-00603,2023-04-18,2023-04-26,North,Home Office,Office Supplies,Paper,Photo Glossy Paper,7029.26,7,,556.11
ORD-2022-00604,2023-07-03,2023-07-10,North,Consumer,Office Supplies,Labels,Address Label Roll,13796.15,9,0.0,4364.39
ORD-2022-00605,2023-03-03,2023-03-09,North,Corporate,Office Supplies,Binders,Premium Binder A4,10613.73,9,0.05,1788.63
ORD-2022-00606,2022-12-03,2022-12-11,North,Consumer,Office Supplies,Binders,Presentation Binder,1567.88,7,0.2,-430.73
ORD-2022-00607,2023-04-07,2023-04-16,North,Corporate,Furniture,Tables,Study Desk Compact,10046.98,5,,-1730.16
ORD-2022-00608,2022-01-23,2022-01-30,South,Consumer,Office Supplies,Labels,Color Dot Labels,4066.39,4,0.0,
ORD-2022-00609,2023-06-17,2023-06-22,South,Corporate,Furniture,Bookcases,Bookcase Pro 5-Shelf,90995.77,8,0.1,53.59
ORD-2022-00610,2023-08-09,2023-08-17,West,Consumer,Office Supplies,Binders,Presentation Binder,4458.69,5,0.05,
ORD-2022-00611,2023-01-23,2023-01-25,North,Consumer,Office Supplies,Paper,Carbon Paper,7958.85,7,0.0,1789.39
ORD-2022-00612,2023-08-23,2023-08-27,West,Home Office,Technology,Printers,Epson L3252,76888.61,1,0.05,12836.53
ORD-2022-00613,2022-11-29,2022-12-06,West,Home Office,Office Supplies,Paper,Carbon Paper,618.26,1,0.0,146.71
ORD-2022-00614,2023-04-17,2023-04-20,South,Home Office,Furniture,Tables,Coffee Table Glass,15548.07,4,,779.02
ORD-2022-00615,2022-03-08,2022-03-14,West,Corporate,Furniture,Chairs,Ergonomic Office Chair,101166.23,7,0.0,31319.63
ORD-2022-00616,2022-05-12,2022-05-15,West,Consumer,Furniture,Chairs,Executive Leather Chair,10667.45,1,0.1,70.92
ORD-2022-00617,2023-01-18,2023-01-21,East,Consumer,Technology,Printers,Canon Pixma G3010,63128.48,1,0.0,14601.25
ORD-2022-00618,2023-01-22,2023-01-25,East,Consumer,Office Supplies,Binders,Economy Binder Set,4066.08,7,0.0,826.08
ORD-2022-00619,2023-01-19,2023-01-24,West,Consumer,Technology,Phones,Samsung Galaxy A34,5648.36,1,0.15,-1738.51
ORD-2022-00620,2022-12-16,2022-12-21,East,Corporate,Technology,Laptops,Dell Inspiron 15,182041.17,5,0.0,54405.38
ORD-2022-00621,2023-08-06,2023-08-08,North,Consumer,Office Supplies,Pens & Art,Ballpoint Pen Box,8877.89,6,0.05,1539.97
ORD-2022-00622,2023-08-03,2023-08-07,West,Corporate,Office Supplies,Pens & Art,Ballpoint Pen Box,2456.9,3,0.05,383.22
ORD-2022-00623,2022-05-03,2022-05-05,North,Consumer,Furniture,Tables,Dining Table Oak,49881.55,2,0.15,-12364.96
ORD-2022-00624,2022-12-04,2022-12-07,East,Home Office,Technology,Laptops,Dell Inspiron 15,611398.03,9,0.2,-89306.14
ORD-2022-00625,2022-06-09,2022-06-16,South,Consumer,Furniture,Bookcases,Bookcase Classic 3-Shelf,23193.86,1,0.0,2433.33
ORD-2022-00626,2022-08-02,2022-08-05,South,Home Office,Furniture,Chairs,Executive Leather Chair,102435.48,7,0.1,2438.84
ORD-2022-00627,2022-08-25,2022-08-31,North,Consumer,Furniture,Bookcases,Bookcase Pro 5-Shelf,101144.84,9,0.0,22144.06
ORD-2022-00628,2022-09-15,2022-09-24,North,Consumer,Furniture,Chairs,Guest Chair,151472.21,8,0.15,-24345.34
ORD-2022-00629,2023-12-29,2024-01-06,East,Consumer,Office Supplies,Binders,Economy Binder Set,1001.88,9,,198.79
ORD-2022-00630,2022-07-19,2022-07-23,West,Consumer,Office Supplies,Paper,Carbon Paper,1931.15,1,0.2,-504.81
ORD-2022-00631,2023-06-26,2023-07-04,North,Corporate,Furniture,Storage,Storage Box Set,168216.91,8,0.2,-57310.22
ORD-2022-00632,2023-09-19,2023-09-25,East,Consumer,Furniture,Storage,File Cabinet 4-Drawer,2949.64,1,0.1,276.76
ORD-2022-00633,2023-04-23,2023-04-27,North,Consumer,Furniture,Bookcases,Bookcase Classic 3-Shelf,44157.57,7,0.0,6194.38
ORD-2022-00634,2022-11-02,2022-11-07,West,Consumer,Furniture,Chairs,Ergonomic Office Chair,7846.31,2,0.05,877.89
ORD-2022-00635,2023-04-01,2023-04-03,West,Corporate,Furniture,Chairs,Ergonomic Office Chair,65764.43,5,0.1,6051.18
ORD-2022-00636,2022-06-28,2022-07-07,South,Corporate,Office Supplies,Labels,Address Label Roll,3693.54,2,0.1,340.57
ORD-2022-00637,2022-06-23,2022-06-30,West,Home Office,Office Supplies,Paper,Carbon Paper,9403.88,8,0.2,-2951.54
ORD-2022-00638,2022-10-30,2022-11-07,South,Consumer,Office Supplies,Binders,Premium Binder A4,3508.6,5,0.1,331.7
ORD-2022-00639,2022-08-16,2022-08-18,East,Consumer,Furniture,Tables,Coffee Table Glass,62141.77,7,0.0,14181.48
ORD-2022-00640,2023-05-30,2023-06-03,East,Consumer,Furniture,Chairs,Executive Leather Chair,120277.3,7,0.05,9291.9
ORD-2022-00641,2022-11-21,2022-11-27,West,Corporate,Furniture,Chairs,Guest Chair,19082.91,3,0.1,
ORD-2022-00642,2022-12-19,2022-12-27,West,Consumer,Office Supplies,Labels,Barcode Label Set,1104.92,1,0.1,169.44
ORD-2022-00643,2022-01-25,2022-02-03,North,Consumer,Office Supplies,Labels,Barcode Label Set,6480.25,6,0.2,-874.29
ORD-2022-00644,2022-09-07,2022-09-13,North,Home Office,Office Supplies,Pens & Art,Ballpoint Pen Box,5218.6,3,0.0,1327.38
ORD-2022-00645,2023-04-12,2023-04-16,North,Consumer,Office Supplies,Pens & Art,Ballpoint Pen Box,2527.39,8,0.0,208.47
ORD-2022-00646,2022-12-30,2023-01-02,South,Corporate,Technology,Phones,Redmi Note 12,134530.54,2,0.0,30214.34
ORD-2022-00647,2023-03-12,2023-03-19,East,Consumer,Furniture,Chairs,Executive Leather Chair,13058.31,1,0.1,-1411.88
ORD-2022-00648,2022-08-29,2022-08-31,North,Consumer,Furniture,Bookcases,Bookcase Classic 3-Shelf,63884.42,3,0.1,5262.62
ORD-2022-00649,2022-02-24,2022-03-04,West,Consumer,Furniture,Tables,Dining Table Oak,61291.4,8,0.0,15977.42
ORD-2022-00650,2023-10-09,2023-10-11,East,Corporate,Technology,Laptops,Lenovo IdeaPad Slim 5,37438.95,4,0.1,-1190.38
ORD-2022-00651,2023-10-29,2023-11-04,East,Consumer,Furniture,Chairs,Ergonomic Office Chair,105837.99,7,0.05,10450.43
ORD-2022-00652,2023-04-09,2023-04-18,South,Consumer,Office Supplies,Binders,Premium Binder A4,332.96,1,0.2,-68.53
ORD-2022-00653,2023-10-21,2023-10-29,North,Consumer,Office Supplies,Paper,Carbon Paper,6498.77,6,0.0,587.62
ORD-2022-00654,2023-02-27,2023-03-04,West,Consumer,Furniture,Tables,Dining Table Oak,67289.85,3,0.1,6536.68
ORD-2022-00655,2023-05-16,2023-05-18,East,Corporate,Office Supplies,Pens & Art,Ballpoint Pen Box,4176.51,3,0.1,307.72
ORD-2022-00656,2022-04-05,2022-04-07,East,Corporate,Technology,Accessories,USB Hub 7-Port,20101.77,2,0.05,4873.52
ORD-2022-00657,2023-10-13,2023-10-19,West,Corporate,Furniture,Tables,Dining Table Oak,34981.98,2,0.15,-800.09
ORD-2022-00658,2023-05-18,2023-05-27,South,Consumer,Office Supplies,Paper,A4 Copy Paper 500-Sheet,11840.69,7,0.0,2245.49
ORD-2022-00659,2023-04-01,2023-04-09,West,Home Office,Office Supplies,Paper,Carbon Paper,2367.85,9,0.0,736.12
ORD-2022-00660,2023-10-19,2023-10-21,North,Consumer,Furniture,Tables,Study Desk Compact,2968.44,1,0.0,348.6
ORD-2022-00661,2022-02-01,2022-02-09,East,Consumer,Technology,Phones,Redmi Note 12,91855.81,6,0.15,-19236.42
ORD-2022-00662,2022-01-21,2022-01-27,North,Consumer,Furniture,Tables,Dining Table Oak,5628.38,1,0.0,555.39
ORD-2022-00663,2023-11-29,2023-12-02,East,Home Office,Office Supplies,Paper,A4 Copy Paper 500-Sheet,5956.88,9,0.0,1575.17
ORD-2022-00664,2022-04-05,2022-04-12,North,Consumer,Technology,Laptops,Dell Inspiron 15,188801.41,4,0.3,-81855.39
ORD-2022-00665,2022-11-28,2022-12-05,South,Consumer,Technology,Printers,Epson L3252,104072.53,3,0.0,11850.66
ORD-2022-00666,2023-09-14,2023-09-21,South,Consumer,Office Supplies,Binders,Presentation Binder,6499.06,6,0.0,1669.18
ORD-2022-00667,2023-03-05,2023-03-09,West,Corporate,Technology,Accessories,USB Hub 7-Port,411449.34,9,0.15,-73576.69
ORD-2022-00668,2022-04-03,2022-04-10,South,Consumer,Technology,Phones,OnePlus Nord CE 3,11002.85,3,0.15,-2622.15
ORD-2022-00669,2022-07-06,2022-07-10,East,Consumer,Furniture,Tables,Study Desk Compact,50955.77,4,0.0,11946.82
ORD-2022-00670,2022-10-24,2022-10-26,South,Corporate,Office Supplies,Pens & Art,Highlighter 6-Pack,782.79,3,0.05,31.84
ORD-2022-00671,2023-10-08,2023-10-10,North,Consumer,Office Supplies,Binders,Premium Binder A4,4372.86,7,0.0,1519.86
ORD-2022-00672,2022-05-02,2022-05-07,South,Corporate,Technology,Phones,OnePlus Nord CE 3,51619.39,5,0.05,5707.72
ORD-2022-00673,2023-04-25,2023-05-02,North,Home Office,Technology,Phones,Samsung Galaxy A34,309331.19,5,0.1,13799.09
ORD-2022-00674,2022-03-21,2022-03-27,West,Home Office,Office Supplies,Labels,Barcode Label Set,1983.2,3,0.1,-64.74
ORD-2022-00675,2023-04-19,2023-04-23,East,Consumer,Technology,Accessories,USB Hub 7-Port,6940.53,6,0.05,12.3
ORD-2022-00676,2022-03-10,2022-03-17,East,Consumer,Furniture,Bookcases,Bookcase Classic 3-Shelf,33358.96,2,0.1,-2435.01
ORD-2022-00677,2023-11-23,2023-12-01,West,Consumer,Technology,Laptops,HP Pavilion 14,81514.58,4,,-39317.55
ORD-2022-00678,2023-09-30,2023-10-08,South,Consumer,Technology,Accessories,Laptop Cooling Pad,340902.1,7,0.1,25897.84
ORD-2022-00679,2022-04-03,2022-04-05,East,Corporate,Furniture,Storage,Wardrobe 3-Door,10253.14,1,0.05,2216.28
ORD-2022-00680,2022-05-19,2022-05-25,South,Corporate,Furniture,Bookcases,Bookcase Classic 3-Shelf,121256.32,5,0.0,
ORD-2022-00681,2023-11-11,2023-11-18,North,Corporate,Technology,Accessories,USB Hub 7-Port,373368.12,9,0.05,51100.08
ORD-2022-00682,2023-09-19,2023-09-23,East,Consumer,Technology,Laptops,Dell Inspiron 15,151412.29,2,,-41002.88
ORD-2022-00683,2023-04-18,2023-04-25,South,Corporate,Office Supplies,Binders,Economy Binder Set,8296.76,5,0.1,-466.43
ORD-2022-00684,2023-02-02,2023-02-08,South,Home Office,Technology,Accessories,Laptop Cooling Pad,37439.45,1,0.2,-11672.95
ORD-2022-00685,2022-01-31,2022-02-09,West,Consumer,Furniture,Tables,Coffee Table Glass,104179.0,5,0.2,-27284.67
ORD-2022-00686,2022-06-30,2022-07-06,North,Consumer,Furniture,Storage,File Cabinet 4-Drawer,3013.87,4,0.15,-234.62
ORD-2022-00687,2023-03-11,2023-03-13,South,Consumer,Office Supplies,Binders,Presentation Binder,2364.87,2,0.0,556.66
ORD-2022-00688,2022-02-14,2022-02-23,East,Home Office,Technology,Laptops,Lenovo IdeaPad Slim 5,468370.59,6,0.05,75829.98
ORD-2022-00689,2023-01-06,2023-01-08,North,Home Office,Office Supplies,Labels,Color Dot Labels,12992.49,8,0.1,1364.76
ORD-2022-00690,2023-10-08,2023-10-16,South,Consumer,Furniture,Storage,Storage Box Set,8929.85,1,0.15,-775.31
ORD-2022-00691,2022-07-27,2022-07-29,North,Consumer,Office Supplies,Paper,Photo Glossy Paper,1824.99,6,0.2,-320.77
ORD-2022-00692,2022-01-11,2022-01-17,North,Corporate,Technology,Printers,Canon Pixma G3010,81714.42,3,0.15,3664.07
ORD-2022-00693,2022-08-22,2022-08-28,East,Consumer,Furniture,Chairs,Executive Leather Chair,19748.83,1,0.0,3934.32
ORD-2022-00694,2023-11-28,2023-12-01,South,Consumer,Technology,Printers,HP LaserJet Pro,385698.34,7,0.2,2726.83
ORD-2022-00695,2022-06-24,2022-07-03,West,Home Office,Furniture,Storage,Storage Box Set,18768.04,4,0.15,-2187.37
ORD-2022-00696,2023-04-15,2023-04-21,North,Consumer,Technology,Accessories,Wireless Mouse Combo,40227.25,5,0.1,5170.25
ORD-2022-00697,2023-04-22,2023-04-29,North,Consumer,Technology,Printers,HP LaserJet Pro,14275.31,1,0.05,112.12
ORD-2022-00698,2022-07-06,2022-07-13,North,Home Office,Office Supplies,Paper,A4 Copy Paper 500-Sheet,411.78,1,0.05,29.77
ORD-2022-00699,2022-04-09,2022-04-14,South,Corporate,Furniture,Storage,Storage Box Set,30384.85,7,0.1,-2044.69
ORD-2022-00700,2023-05-03,2023-05-05,West,Corporate,Furniture,Bookcases,Bookcase Pro 5-Shelf,131721.29,9,0.0,44532.98
ORD-2022-00701,2023-12-10,2023-12-17,West,Consumer,Office Supplies,Pens & Art,Sketch Pen Set 24,6460.0,4,0.2,-440.2
ORD-2022-00702,2022-09-28,2022-10-05,West,Consumer,Office Supplies,Paper,Carbon Paper,6221.85,4,0.1,-156.29
ORD-2022-00703,2023-10-09,2023-10-15,West,Consumer,Technology,Accessories,Laptop Cooling Pad,686243.31,9,0.1,-98891.65
ORD-2022-00704,2023-09-12,2023-09-18,North,Consumer,Furniture,Chairs,Guest Chair,66548.63,3,0.1,3423.63
ORD-2022-00705,2023-11-18,2023-11-22,West,Home Office,Furniture,Storage,Wardrobe 3-Door,10620.55,5,0.05,878.89
ORD-2022-00706,2022-11-24,2022-11-29,South,Consumer,Office Supplies,Pens & Art,Ballpoint Pen Box,10387.91,8,0.2,169.6
ORD-2022-00707,2023-08-07,2023-08-14,West,Corporate,Furniture,Tables,Coffee Table Glass,15022.46,5,0.1,-349.74
ORD-2022-00708,2022-03-30,2022-04-04,North,Consumer,Office Supplies,Paper,Carbon Paper,10766.8,6,0.1,-667.71
ORD-2022-00709,2023-01-30,2023-02-07,South,Consumer,Office Supplies,Labels,Address Label Roll,2267.27,4,0.05,
ORD-2022-00710,2023-01-30,2023-02-04,South,Home Office,Furniture,Chairs,Executive Leather Chair,22597.52,2,0.2,-2443.74
ORD-2022-00711,2022-10-02,2022-10-06,West,Consumer,Technology,Laptops,HP Pavilion 14,170390.61,3,0.0,57206.27
ORD-2022-00712,2022-11-18,2022-11-22,North,Consumer,Furniture,Chairs,Guest Chair,13576.27,1,0.0,1731.96
ORD-2022-00713,2022-01-28,2022-02-01,South,Consumer,Furniture,Bookcases,Bookcase Pro 5-Shelf,26664.17,2,0.15,-1791.32
ORD-2022-00714,2023-03-31,2023-04-05,West,Consumer,Office Supplies,Binders,Premium Binder A4,4078.85,6,0.05,685.87
ORD-2022-00715,2023-02-28,2023-03-06,West,Consumer,Furniture,Chairs,Ergonomic Office Chair,66850.27,3,0.1,6293.74
ORD-2022-00716,2022-10-13,2022-10-18,West,Consumer,Office Supplies,Binders,Economy Binder Set,12979.88,8,0.0,2722.93
ORD-2022-00717,2022-01-13,2022-01-19,North,Corporate,Furniture,Chairs,Executive Leather Chair,36969.6,2,0.1,-2955.33
ORD-2022-00718,2022-06-21,2022-06-27,North,Corporate,Technology,Printers,Epson L3252,410914.22,6,0.05,
ORD-2022-00719,2022-12-14,2022-12-22,West,Consumer,Furniture,Chairs,Ergonomic Office Chair,1144.29,1,0.1,97.23
ORD-2022-00720,2023-12-05,2023-12-13,East,Consumer,Furniture,Bookcases,Bookcase Pro 5-Shelf,155231.42,8,0.15,-30876.46
ORD-2022-00721,2023-09-21,2023-09-24,East,Consumer,Furniture,Storage,Storage Box Set,120666.3,5,0.1,1673.6
ORD-2022-00722,2022-07-29,2022-07-31,North,Consumer,Technology,Printers,Canon Pixma G3010,555573.65,7,0.15,29560.9
ORD-2022-00723,2022-07-18,2022-07-27,North,Home Office,Furniture,Storage,File Cabinet 4-Drawer,17878.2,1,0.05,1629.08
ORD-2022-00724,2022-08-04,2022-08-13,East,Corporate,Furniture,Storage,Wardrobe 3-Door,126763.81,6,0.0,10423.99
ORD-2022-00725,2023-05-18,2023-05-24,East,Consumer,Technology,Phones,Samsung Galaxy A34,97906.64,4,0.15,-14945.63
ORD-2022-00726,2022-09-11,2022-09-13,East,Consumer,Furniture,Bookcases,Bookcase Classic 3-Shelf,28224.78,7,0.05,2055.4
ORD-2022-00727,2023-08-29,2023-09-06,North,Corporate,Technology,Laptops,HP Pavilion 14,169527.69,5,0.15,12286.05
ORD-2022-00728,2023-01-24,2023-02-01,West,Consumer,Furniture,Tables,Study Desk Compact,23364.01,1,0.2,-2943.98
ORD-2022-00729,2022-08-05,2022-08-13,South,Home Office,Furniture,Chairs,Executive Leather Chair,100794.01,8,0.0,23809.36
ORD-2022-00730,2023-10-15,2023-10-22,East,Consumer,Technology,Accessories,Laptop Cooling Pad,77098.55,8,0.0,6747.62
ORD-2022-00731,2022-04-05,2022-04-07,South,Consumer,Technology,Phones,Samsung Galaxy A34,28650.91,3,0.25,-12318.29
ORD-2022-00732,2023-10-16,2023-10-23,West,Corporate,Office Supplies,Pens & Art,Ballpoint Pen Box,5871.41,4,0.0,1733.1
ORD-2022-00733,2023-06-30,2023-07-05,South,Consumer,Office Supplies,Pens & Art,Sketch Pen Set 24,9778.47,6,,1104.77
ORD-2022-00734,2022-12-09,2022-12-18,East,Consumer,Technology,Phones,OnePlus Nord CE 3,409425.41,6,0.15,-43442.17
ORD-2022-00735,2023-02-13,2023-02-15,East,Corporate,Office Supplies,Pens & Art,Sketch Pen Set 24,1080.98,6,0.0,109.72
ORD-2022-00736,2023-09-04,2023-09-09,East,Home Office,Office Supplies,Labels,Address Label Roll,11834.6,9,0.0,3172.35
ORD-2022-00737,2023-01-08,2023-01-10,South,Home Office,Office Supplies,Labels,Address Label Roll,3917.23,4,0.0,1347.46
ORD-2022-00738,2023-08-14,2023-08-19,East,Consumer,Office Supplies,Paper,Photo Glossy Paper,1087.66,1,0.0,310.4
ORD-2022-00739,2023-08-18,2023-08-20,West,Consumer,Furniture,Chairs,Guest Chair,122500.48,6,0.1,11339.68
ORD-2022-00740,2022-02-11,2022-02-15,South,Corporate,Office Supplies,Paper,Photo Glossy Paper,2057.32,7,0.0,475.85
ORD-2022-00741,2023-04-09,2023-04-16,West,Consumer,Office Supplies,Paper,A4 Copy Paper 500-Sheet,7103.9,8,0.05,699.35
ORD-2022-00742,2022-01-26,2022-01-29,West,Consumer,Furniture,Tables,Coffee Table Glass,49306.22,6,0.3,-20087.03
ORD-2022-00743,2022-02-22,2022-03-03,East,Consumer,Office Supplies,Labels,Color Dot Labels,3264.76,6,0.0,1042.7
ORD-2022-00744,2023-01-06,2023-01-15,West,Consumer,Office Supplies,Labels,Color Dot Labels,448.78,1,0.0,127.38
ORD-2022-00745,2022-04-28,2022-05-04,West,Home Office,Furniture,Storage,Storage Box Set,62264.88,5,0.1,-306.62
ORD-2022-00746,2023-03-28,2023-03-31,East,Home Office,Technology,Accessories,Laptop Cooling Pad,80676.21,7,0.05,912.45
ORD-2022-00747,2022-04-03,2022-04-08,South,Corporate,Office Supplies,Binders,Presentation Binder,9803.8,8,0.1,979.28
ORD-2022-00748,2022-06-09,2022-06-11,West,Corporate,Office Supplies,Labels,Color Dot Labels,15050.1,8,0.05,2550.63
ORD-2022-00749,2023-11-14,2023-11-17,South,Consumer,Technology,Accessories,USB Hub 7-Port,262951.49,8,0.0,73142.19
ORD-2022-00750,2022-08-17,2022-08-23,West,Consumer,Technology,Laptops,HP Pavilion 14,160356.71,4,0.0,39020.64
ORD-2022-00751,2022-07-20,2022-07-27,East,Home Office,Technology,Printers,HP LaserJet Pro,197341.6,3,0.25,-63045.07
ORD-2022-00752,2023-06-24,2023-07-01,North,Corporate,Furniture,Tables,Dining Table Oak,70196.92,3,0.0,8786.64
ORD-2022-00753,2023-10-11,2023-10-18,West,Consumer,Furniture,Bookcases,Bookcase Pro 5-Shelf,20448.11,1,0.0,6106.68
ORD-2022-00754,2023-10-14,2023-10-21,West,Home Office,Office Supplies,Binders,Economy Binder Set,2070.66,7,0.05,-7.93
ORD-2022-00755,2023-04-05,2023-04-12,West,Consumer,Technology,Phones,Redmi Note 12,7973.86,3,0.05,1786.2
ORD-2022-00756,2022-12-21,2022-12-26,South,Corporate,Furniture,Chairs,Guest Chair,38356.39,3,0.05,1154.59
ORD-2022-00757,2023-10-25,2023-11-03,North,Corporate,Technology,Printers,Canon Pixma G3010,35048.02,4,0.1,455.15
ORD-2022-00758,2023-02-09,2023-02-16,West,Corporate,Office Supplies,Paper,A4 Copy Paper 500-Sheet,5460.26,5,0.1,733.09
ORD-2022-00759,2022-03-31,2022-04-05,South,Consumer,Technology,Printers,Canon Pixma G3010,146949.19,4,0.1,
ORD-2022-00760,2023-10-07,2023-10-13,North,Consumer,Furniture,Chairs,Ergonomic Office Chair,117325.32,7,0.15,-22103.0
ORD-2022-00761,2022-12-15,2022-12-20,West,Corporate,Office Supplies,Binders,Economy Binder Set,13301.88,9,0.05,351.22
ORD-2022-00762,2023-04-11,2023-04-13,East,Consumer,Technology,Phones,Samsung Galaxy A34,385633.27,6,0.25,-184635.55
ORD-2022-00763,2022-04-11,2022-04-18,North,Corporate,Furniture,Storage,Storage Box Set,10232.43,1,0.05,890.6
ORD-2022-00764,2022-08-23,2022-09-01,East,Corporate,Technology,Phones,Redmi Note 12,69620.58,4,0.25,-41711.94
ORD-2022-00765,2022-09-20,2022-09-23,South,Consumer,Technology,Accessories,Laptop Cooling Pad,35743.13,1,0.15,-6926.32
ORD-2022-00766,2023-09-14,2023-09-18,East,Consumer,Office Supplies,Binders,Premium Binder A4,6373.39,8,0.1,-266.26
ORD-2022-00767,2023-04-04,2023-04-07,North,Consumer,Technology,Laptops,Dell Inspiron 15,602734.53,9,0.0,132856.15
ORD-2022-00768,2023-10-26,2023-11-04,North,Consumer,Office Supplies,Pens & Art,Sketch Pen Set 24,7965.69,5,0.0,744.93
ORD-2022-00769,2022-10-09,2022-10-14,East,Home Office,Office Supplies,Paper,A4 Copy Paper 500-Sheet,429.92,4,0.1,38.22
ORD-2022-00770,2022-12-02,2022-12-06,East,Consumer,Furniture,Bookcases,Bookcase Pro 5-Shelf,90662.59,5,0.1,5023.03
ORD-2022-00771,2023-10-25,2023-11-03,South,Consumer,Furniture,Tables,Study Desk Compact,8147.14,1,0.0,771.15
ORD-2022-00772,2022-11-06,2022-11-08,North,Consumer,Furniture,Tables,Dining Table Oak,58104.65,3,0.15,-13137.19
ORD-2022-00773,2022-09-26,2022-10-03,North,Consumer,Technology,Phones,OnePlus Nord CE 3,265721.75,4,0.2,-61321.72
ORD-2022-00774,2022-10-31,2022-11-05,North,Consumer,Office Supplies,Paper,Photo Glossy Paper,2885.44,2,0.0,699.3
ORD-2022-00775,2023-06-10,2023-06-15,East,Corporate,Technology,Laptops,HP Pavilion 14,550937.75,8,0.05,87280.4
ORD-2022-00776,2023-02-09,2023-02-14,East,Consumer,Office Supplies,Labels,Address Label Roll,13008.13,9,0.1,-1212.56
ORD-2022-00777,2023-05-18,2023-05-23,West,Corporate,Technology,Printers,Epson L3252,20894.58,3,0.1,-583.26
ORD-2022-00778,2023-03-14,2023-03-22,North,Corporate,Furniture,Storage,File Cabinet 4-Drawer,128982.15,8,0.15,-6323.81
ORD-2022-00779,2023-01-21,2023-01-25,West,Consumer,Furniture,Bookcases,Bookcase Pro 5-Shelf,47576.19,2,0.1,-1206.67
ORD-2022-00780,2023-11-14,2023-11-20,North,Home Office,Furniture,Bookcases,Bookcase Pro 5-Shelf,48004.62,4,0.1,-3577.67
ORD-2022-00781,2022-04-01,2022-04-08,North,Consumer,Office Supplies,Labels,Barcode Label Set,3735.46,5,0.0,528.17
ORD-2022-00782,2023-08-10,2023-08-12,East,Consumer,Office Supplies,Labels,Color Dot Labels,1380.76,3,0.0,126.9
ORD-2022-00783,2023-04-19,2023-04-22,West,Corporate,Furniture,Bookcases,Bookcase Pro 5-Shelf,16189.03,2,0.0,2497.72
ORD-2022-00784,2022-11-10,2022-11-18,West,Consumer,Office Supplies,Labels,Address Label Roll,906.46,1,0.0,285.88
ORD-2022-00785,2023-11-15,2023-11-24,South,Corporate,Office Supplies,Pens & Art,Ballpoint Pen Box,1443.57,3,0.0,167.69
ORD-2022-00786,2023-08-23,2023-08-27,South,Consumer,Office Supplies,Labels,Address Label Roll,598.61,2,0.0,108.58
ORD-2022-00787,2023-01-11,2023-01-15,South,Corporate,Furniture,Tables,Dining Table Oak,9453.98,6,0.15,-547.96
ORD-2022-00788,2023-01-04,2023-01-10,North,Consumer,Technology,Accessories,Laptop Cooling Pad,68141.18,1,0.15,585.68
ORD-2022-00789,2022-04-25,2022-05-04,West,Consumer,Office Supplies,Labels,Color Dot Labels,3632.83,3,0.0,445.84
ORD-2022-00790,2023-07-11,2023-07-19,North,Consumer,Technology,Laptops,Dell Inspiron 15,193206.16,3,0.2,-67065.47
ORD-2022-00791,2023-01-10,2023-01-19,West,Home Office,Technology,Phones,Samsung Galaxy A34,117782.81,5,0.0,25941.8
ORD-2022-00792,2022-10-22,2022-10-25,West,Corporate,Furniture,Bookcases,Bookcase Classic 3-Shelf,27729.92,4,0.05,38.34
ORD-2022-00793,2023-08-28,2023-09-01,South,Consumer,Office Supplies,Binders,Presentation Binder,4958.35,6,0.0,1075.94
ORD-2022-00794,2022-12-03,2022-12-08,South,Consumer,Technology,Phones,Redmi Note 12,66966.92,2,0.05,-1001.06
ORD-2022-00795,2022-11-30,2022-12-06,North,Consumer,Technology,Printers,Epson L3252,64875.54,1,0.2,-6994.72
ORD-2022-00796,2022-02-15,2022-02-20,South,Corporate,Office Supplies,Binders,Economy Binder Set,949.83,2,0.0,198.83
ORD-2022-00797,2022-11-23,2022-11-28,East,Consumer,Technology,Phones,Samsung Galaxy A34,125004.29,2,0.05,13953.33
ORD-2022-00798,2022-03-16,2022-03-20,West,Consumer,Furniture,Bookcases,Bookcase Classic 3-Shelf,45939.03,3,0.0,11586.37
ORD-2022-00799,2022-06-21,2022-06-29,East,Consumer,Furniture,Chairs,Executive Leather Chair,210177.8,9,0.0,60423.24
ORD-2022-00800,2023-04-03,2023-04-10,West,Consumer,Furniture,Bookcases,Bookcase Pro 5-Shelf,4925.99,9,0.1,-478.39
ORD-2022-00801,2023-11-24,2023-11-29,North,Consumer,Office Supplies,Binders,Presentation Binder,784.94,2,0.05,59.26
ORD-2022-00802,2022-07-28,2022-08-03,South,Consumer,Office Supplies,Binders,Premium Binder A4,3096.76,2,0.05,-26.51
ORD-2022-00803,2023-06-28,2023-07-04,South,Consumer,Office Supplies,Labels,Address Label Roll,6196.58,9,0.1,758.1
ORD-2022-00804,2022-07-21,2022-07-25,East,Corporate,Office Supplies,Labels,Barcode Label Set,2435.01,9,0.1,204.3
ORD-2022-00805,2023-08-02,2023-08-05,South,Corporate,Office Supplies,Labels,Address Label Roll,6865.54,5,0.1,-151.41
ORD-2022-00806,2022-02-25,2022-03-05,West,Corporate,Furniture,Chairs,Executive Leather Chair,8627.73,5,0.15,-2909.69
ORD-2022-00807,2022-06-23,2022-06-28,West,Consumer,Office Supplies,Labels,Address Label Roll,8517.72,5,0.05,906.62
ORD-2022-00808,2022-03-12,2022-03-19,West,Home Office,Office Supplies,Paper,Photo Glossy Paper,5641.14,8,0.0,1303.58
ORD-2022-00809,2022-04-13,2022-04-15,East,Consumer,Furniture,Tables,Dining Table Oak,154615.79,8,0.15,-24346.46
ORD-2022-00810,2023-04-04,2023-04-06,East,Consumer,Office Supplies,Labels,Barcode Label Set,4575.78,6,0.05,848.14
ORD-2022-00811,2022-03-28,2022-04-06,East,Consumer,Furniture,Chairs,Guest Chair,36750.73,2,0.15,2572.18
ORD-2022-00812,2022-06-24,2022-07-01,North,Consumer,Office Supplies,Binders,Economy Binder Set,5092.96,3,0.0,858.67
ORD-2022-00813,2023-11-01,2023-11-03,North,Corporate,Furniture,Storage,File Cabinet 4-Drawer,15927.16,2,0.0,4013.24
ORD-2022-00814,2022-12-20,2022-12-28,East,Consumer,Technology,Printers,HP LaserJet Pro,78541.06,1,0.25,
ORD-2022-00815,2022-08-28,2022-09-03,East,Home Office,Furniture,Storage,File Cabinet 4-Drawer,21905.36,8,0.0,4533.9
ORD-2022-00816,2022-06-28,2022-07-06,South,Consumer,Technology,Printers,Epson L3252,375332.35,7,0.05,
ORD-2022-00817,2023-09-21,2023-09-27,East,Consumer,Furniture,Chairs,Ergonomic Office Chair,4264.77,2,0.3,-1425.0
ORD-2022-00818,2023-04-16,2023-04-20,South,Consumer,Office Supplies,Labels,Barcode Label Set,13360.73,7,0.05,2178.96
ORD-2022-00819,2023-02-23,2023-03-02,West,Consumer,Office Supplies,Paper,A4 Copy Paper 500-Sheet,337.45,1,0.0,
ORD-2022-00820,2022-01-14,2022-01-18,South,Consumer,Technology,Phones,OnePlus Nord CE 3,29986.6,1,,7239.84
ORD-2022-00821,2023-01-30,2023-02-08,North,Corporate,Furniture,Bookcases,Bookcase Classic 3-Shelf,187524.0,8,0.0,50562.35
ORD-2022-00822,2023-02-10,2023-02-19,North,Home Office,Technology,Printers,Canon Pixma G3010,76782.88,1,0.05,15363.05
ORD-2022-00823,2022-11-17,2022-11-21,North,Consumer,Office Supplies,Pens & Art,Highlighter 6-Pack,6137.48,8,0.1,392.7
ORD-2022-00824,2022-10-03,2022-10-12,North,Consumer,Furniture,Chairs,Executive Leather Chair,45822.94,2,0.15,-6361.31
ORD-2022-00825,2022-09-29,2022-10-06,West,Consumer,Office Supplies,Pens & Art,Highlighter 6-Pack,13131.08,7,0.0,4535.41
ORD-2022-00826,2022-09-20,2022-09-24,North,Consumer,Technology,Printers,HP LaserJet Pro,321314.18,8,0.0,61860.13
ORD-2022-00827,2022-10-23,2022-10-31,North,Corporate,Office Supplies,Binders,Presentation Binder,3186.03,4,0.0,399.52
ORD-2022-00828,2023-02-11,2023-02-13,North,Corporate,Office Supplies,Pens & Art,Highlighter 6-Pack,12299.57,9,0.05,985.11
ORD-2022-00829,2022-11-18,2022-11-26,East,Consumer,Office Supplies,Pens & Art,Ballpoint Pen Box,564.21,8,0.05,-31.31
ORD-2022-00830,2022-07-13,2022-07-20,North,Corporate,Office Supplies,Labels,Color Dot Labels,1006.11,2,0.0,84.42
ORD-2022-00831,2023-03-16,2023-03-24,East,Consumer,Furniture,Chairs,Guest Chair,51205.0,5,0.15,-10130.07
ORD-2022-00832,2023-06-14,2023-06-22,North,Consumer,Furniture,Storage,File Cabinet 4-Drawer,37073.17,6,,-3165.06
ORD-2022-00833,2023-01-14,2023-01-23,North,Consumer,Office Supplies,Binders,Economy Binder Set,7539.06,8,0.05,426.92
ORD-2022-00834,2023-11-21,2023-11-29,South,Consumer,Office Supplies,Labels,Barcode Label Set,2553.89,3,0.1,-5.61
ORD-2022-00835,2022-04-05,2022-04-07,North,Consumer,Office Supplies,Labels,Address Label Roll,5503.83,4,0.1,528.86
ORD-2022-00836,2023-03-11,2023-03-15,North,Consumer,Furniture,Chairs,Ergonomic Office Chair,22107.92,4,0.0,5525.34
ORD-2022-00837,2022-03-13,2022-03-21,East,Home Office,Technology,Accessories,Wireless Mouse Combo,243493.78,6,0.0,38081.42
ORD-2022-00838,2022-01-02,2022-01-04,East,Consumer,Office Supplies,Binders,Premium Binder A4,5994.05,5,0.2,-1807.06
ORD-2022-00839,2022-10-08,2022-10-12,South,Home Office,Furniture,Tables,Study Desk Compact,73165.85,4,0.0,7813.51
ORD-2022-00840,2023-08-20,2023-08-22,West,Consumer,Technology,Laptops,Dell Inspiron 15,38926.02,2,0.25,-13075.46
ORD-2022-00841,2022-02-14,2022-02-16,West,Consumer,Furniture,Storage,Wardrobe 3-Door,51249.25,5,0.1,-5133.08
ORD-2022-00842,2023-10-29,2023-11-03,South,Home Office,Office Supplies,Paper,A4 Copy Paper 500-Sheet,1610.8,1,0.05,253.13
ORD-2022-00843,2022-11-24,2022-11-30,North,Home Office,Technology,Laptops,HP Pavilion 14,295203.74,7,0.0,62196.63
ORD-2022-00844,2022-01-28,2022-02-02,North,Consumer,Technology,Printers,Epson L3252,183342.48,8,0.1,-13936.83
ORD-2022-00845,2023-06-09,2023-06-12,South,Consumer,Furniture,Bookcases,Bookcase Pro 5-Shelf,10039.52,1,0.05,-327.0
ORD-2022-00846,2022-02-18,2022-02-25,West,Corporate,Furniture,Chairs,Guest Chair,6201.89,1,0.2,-558.86
ORD-2022-00847,2022-04-21,2022-04-26,East,Consumer,Furniture,Chairs,Guest Chair,111707.01,6,0.1,6953.5
ORD-2022-00848,2022-03-13,2022-03-20,South,Consumer,Office Supplies,Binders,Presentation Binder,1033.69,4,0.0,302.12
ORD-2022-00849,2023-04-23,2023-04-30,West,Home Office,Technology,Printers,HP LaserJet Pro,26966.17,1,0.1,3492.26
ORD-2022-00850,2022-01-06,2022-01-08,North,Consumer,Furniture,Tables,Study Desk Compact,14612.27,3,0.15,-1335.39
ORD-2022-00851,2023-11-14,2023-11-20,North,Consumer,Technology,Phones,Samsung Galaxy A34,347856.29,5,0.25,-113047.24
ORD-2022-00852,2023-08-09,2023-08-13,South,Corporate,Office Supplies,Labels,Address Label Roll,3560.95,6,0.2,-923.85
ORD-2022-00853,2023-04-11,2023-04-20,North,Corporate,Technology,Printers,HP LaserJet Pro,23662.37,1,0.25,-10166.44
ORD-2022-00854,2022-12-25,2023-01-01,South,Home Office,Office Supplies,Binders,Premium Binder A4,4349.5,6,0.0,696.3
ORD-2022-00855,2023-10-31,2023-11-03,East,Corporate,Office Supplies,Pens & Art,Highlighter 6-Pack,2886.54,4,0.1,440.7
ORD-2022-00856,2023-04-18,2023-04-27,West,Corporate,Furniture,Chairs,Executive Leather Chair,52216.37,7,0.05,3493.48
ORD-2022-00857,2023-10-11,2023-10-19,South,Corporate,Office Supplies,Binders,Presentation Binder,2922.72,8,0.0,863.94
ORD-2022-00858,2022-06-24,2022-07-01,West,Consumer,Furniture,Tables,Coffee Table Glass,8505.16,1,0.3,-2395.57
ORD-2022-00859,2022-03-10,2022-03-17,East,Corporate,Furniture,Storage,Storage Box Set,13077.42,2,0.0,3207.69
ORD-2022-00860,2023-11-16,2023-11-23,North,Corporate,Furniture,Bookcases,Bookcase Classic 3-Shelf,6345.77,3,0.0,1739.93
ORD-2022-00861,2022-03-04,2022-03-13,North,Home Office,Technology,Phones,Redmi Note 12,563368.85,9,0.05,124366.12
ORD-2022-00862,2023-10-08,2023-10-12,West,Home Office,Office Supplies,Labels,Barcode Label Set,3472.55,2,0.1,-501.6
ORD-2022-00863,2022-06-29,2022-07-05,East,Consumer,Office Supplies,Binders,Premium Binder A4,5763.5,3,0.1,-447.81
ORD-2022-00864,2022-11-10,2022-11-14,East,Consumer,Office Supplies,Binders,Economy Binder Set,1081.81,3,0.05,114.96
ORD-2022-00865,2022-01-27,2022-02-03,West,Corporate,Furniture,Storage,Storage Box Set,2865.52,4,0.2,-310.03
ORD-2022-00866,2023-12-18,2023-12-27,South,Consumer,Furniture,Chairs,Executive Leather Chair,31222.82,6,0.05,3654.59
ORD-2022-00867,2023-06-27,2023-06-29,South,Corporate,Technology,Laptops,Dell Inspiron 15,171032.69,4,0.05,36132.02
ORD-2022-00868,2022-06-28,2022-07-04,South,Corporate,Furniture,Chairs,Ergonomic Office Chair,83517.77,6,0.0,11049.32
ORD-2022-00869,2022-11-29,2022-12-02,South,Consumer,Furniture,Bookcases,Bookcase Pro 5-Shelf,113002.86,6,0.1,-9540.13
ORD-2022-00870,2022-07-04,2022-07-13,North,Home Office,Technology,Laptops,Dell Inspiron 15,87375.39,3,0.05,18855.48
ORD-2022-00871,2023-12-27,2024-01-03,North,Corporate,Office Supplies,Paper,Carbon Paper,3217.59,5,0.05,652.76
ORD-2022-00872,2022-02-12,2022-02-14,South,Home Office,Office Supplies,Binders,Economy Binder Set,1167.66,6,0.2,-370.81
ORD-2022-00873,2022-09-06,2022-09-14,South,Corporate,Office Supplies,Labels,Color Dot Labels,7359.38,8,0.0,2341.41
ORD-2022-00874,2023-08-06,2023-08-15,North,Home Office,Furniture,Chairs,Guest Chair,159374.2,7,0.0,13351.58
ORD-2022-00875,2022-03-25,2022-03-30,North,Consumer,Furniture,Bookcases,Bookcase Pro 5-Shelf,28034.91,7,0.0,3954.23
ORD-2022-00876,2023-12-07,2023-12-11,North,Home Office,Technology,Phones,Redmi Note 12,102001.39,9,0.0,9950.39
ORD-2022-00877,2023-01-01,2023-01-04,East,Consumer,Furniture,Chairs,Guest Chair,52756.96,7,0.15,-10499.42
ORD-2022-00878,2022-03-23,2022-03-30,South,Home Office,Furniture,Storage,Storage Box Set,81347.3,8,0.1,3787.31
ORD-2022-00879,2023-02-11,2023-02-15,East,Consumer,Technology,Phones,Redmi Note 12,74400.81,4,0.0,10552.01
ORD-2022-00880,2022-12-05,2022-12-12,West,Consumer,Technology,Phones,Samsung Galaxy A34,193592.14,9,0.15,-45957.07
ORD-2022-00881,2023-06-15,2023-06-21,North,Consumer,Furniture,Bookcases,Bookcase Pro 5-Shelf,159960.11,9,0.15,-10542.46
ORD-2022-00882,2023-07-25,2023-08-03,South,Home Office,Office Supplies,Binders,Presentation Binder,1401.51,3,0.1,159.85
ORD-2022-00883,2022-03-05,2022-03-11,West,Consumer,Office Supplies,Binders,Economy Binder Set,604.7,9,0.1,-61.31
ORD-2022-00884,2022-04-16,2022-04-18,East,Consumer,Furniture,Storage,Storage Box Set,14376.55,5,0.15,-1617.2
ORD-2022-00885,2023-06-08,2023-06-12,South,Consumer,Technology,Laptops,Dell Inspiron 15,91295.43,9,0.2,-17333.66
ORD-2022-00886,2023-09-10,2023-09-13,North,Consumer,Office Supplies,Labels,Barcode Label Set,12690.45,9,0.2,-1869.07
ORD-2022-00887,2023-02-09,2023-02-17,South,Home Office,Furniture,Chairs,Executive Leather Chair,131277.25,9,0.1,11820.05
ORD-2022-00888,2023-09-19,2023-09-25,North,Consumer,Technology,Accessories,Laptop Cooling Pad,108527.38,2,0.3,-20135.55
ORD-2022-00889,2023-12-16,2023-12-22,East,Consumer,Furniture,Tables,Study Desk Compact,142582.0,6,0.0,14710.03
ORD-2022-00890,2023-03-05,2023-03-14,South,Home Office,Office Supplies,Paper,Photo Glossy Paper,1981.02,1,0.0,604.32
ORD-2022-00891,2023-05-08,2023-05-12,South,Home Office,Office Supplies,Paper,Carbon Paper,474.58,3,0.0,147.59
ORD-2022-00892,2022-09-03,2022-09-12,East,Corporate,Furniture,Bookcases,Bookcase Classic 3-Shelf,7264.84,2,0.1,325.67
ORD-2022-00893,2022-01-05,2022-01-07,South,Consumer,Office Supplies,Binders,Premium Binder A4,428.09,7,0.1,64.4
ORD-2022-00894,2022-07-18,2022-07-23,East,Consumer,Furniture,Storage,Storage Box Set,1493.61,2,0.05,289.6
ORD-2022-00895,2022-04-10,2022-04-16,North,Consumer,Furniture,Storage,Wardrobe 3-Door,13117.75,7,0.2,-3830.91
ORD-2022-00896,2023-08-22,2023-08-25,West,Consumer,Technology,Accessories,USB Hub 7-Port,217636.24,3,0.3,-66716.63
ORD-2022-00897,2023-04-12,2023-04-17,West,Consumer,Furniture,Chairs,Executive Leather Chair,42794.85,2,0.1,-4628.85
ORD-2022-00898,2023-11-29,2023-12-02,East,Home Office,Office Supplies,Paper,Photo Glossy Paper,5665.13,7,0.2,-2761.31
ORD-2022-00899,2022-11-30,2022-12-03,North,Corporate,Technology,Phones,Samsung Galaxy A34,580503.34,8,0.0,172044.07
ORD-2022-00900,2023-04-29,2023-05-01,West,Consumer,Office Supplies,Pens & Art,Highlighter 6-Pack,2757.48,5,0.0,660.79
ORD-2022-00901,2022-12-01,2022-12-04,East,Corporate,Technology,Accessories,USB Hub 7-Port,72847.05,9,0.05,4833.61
ORD-2022-00902,2023-06-25,2023-07-04,West,Consumer,Furniture,Tables,Coffee Table Glass,10703.99,7,0.1,648.0
ORD-2022-00903,2022-07-17,2022-07-25,North,Home Office,Furniture,Tables,Study Desk Compact,16842.95,6,0.1,-3311.97
ORD-2022-00904,2023-05-27,2023-06-04,North,Corporate,Technology,Accessories,Wireless Mouse Combo,35910.27,9,0.1,-3008.35
ORD-2022-00905,2022-07-29,2022-08-07,West,Consumer,Furniture,Storage,File Cabinet 4-Drawer,46814.22,7,0.0,7182.73
ORD-2022-00906,2023-06-11,2023-06-14,North,Corporate,Furniture,Tables,Coffee Table Glass,27085.04,2,0.2,-8065.1
ORD-2022-00907,2023-02-24,2023-02-28,North,Corporate,Furniture,Tables,Study Desk Compact,25721.35,3,0.1,-2569.34
ORD-2022-00908,2022-01-23,2022-02-01,East,Consumer,Office Supplies,Labels,Address Label Roll,3289.28,3,0.0,316.17
ORD-2022-00909,2023-02-12,2023-02-19,South,Home Office,Technology,Accessories,Laptop Cooling Pad,153056.71,3,0.0,31535.64
ORD-2022-00910,2022-05-20,2022-05-22,North,Corporate,Technology,Phones,Samsung Galaxy A34,49472.3,5,0.3,-37629.39
ORD-2022-00911,2022-03-14,2022-03-16,West,Home Office,Office Supplies,Binders,Economy Binder Set,1223.78,2,0.05,31.28
ORD-2022-00912,2022-01-10,2022-01-18,East,Consumer,Technology,Phones,OnePlus Nord CE 3,249532.52,5,0.0,72654.96
ORD-2022-00913,2022-10-26,2022-10-31,South,Home Office,Furniture,Storage,Wardrobe 3-Door,118023.48,5,0.1,-5974.34
ORD-2022-00914,2022-07-21,2022-07-30,South,Home Office,Office Supplies,Binders,Premium Binder A4,2992.05,3,0.1,241.64
ORD-2022-00915,2022-09-01,2022-09-07,East,Corporate,Technology,Phones,Samsung Galaxy A34,49787.02,3,0.15,-5500.92
ORD-2022-00916,2023-07-24,2023-07-31,East,Home Office,Office Supplies,Paper,Carbon Paper,5048.71,4,0.1,
ORD-2022-00917,2022-12-06,2022-12-11,South,Corporate,Office Supplies,Paper,Photo Glossy Paper,9175.86,5,0.0,1684.86
ORD-2022-00918,2023-11-05,2023-11-13,North,Consumer,Technology,Accessories,Wireless Mouse Combo,4957.38,1,0.1,148.93
ORD-2022-00919,2022-06-05,2022-06-14,North,Consumer,Furniture,Storage,Wardrobe 3-Door,42257.96,6,0.15,-10834.16
ORD-2022-00920,2022-09-24,2022-10-01,South,Consumer,Furniture,Tables,Coffee Table Glass,74567.7,5,0.1,-9598.56
ORD-2022-00921,2022-02-15,2022-02-22,East,Consumer,Technology,Phones,Samsung Galaxy A34,72217.94,1,0.05,2856.99
ORD-2022-00922,2023-09-19,2023-09-28,South,Consumer,Office Supplies,Pens & Art,Sketch Pen Set 24,7180.3,4,0.2,-1389.78
ORD-2022-00923,2023-11-15,2023-11-23,North,Home Office,Furniture,Bookcases,Bookcase Pro 5-Shelf,11082.14,7,0.15,-2897.01
ORD-2022-00924,2023-12-02,2023-12-11,North,Consumer,Furniture,Storage,Storage Box Set,22577.24,2,0.1,-678.94
ORD-2022-00925,2022-11-16,2022-11-24,South,Consumer,Furniture,Bookcases,Bookcase Classic 3-Shelf,9017.81,1,0.0,2292.21
ORD-2022-00926,2023-07-15,2023-07-24,West,Consumer,Office Supplies,Pens & Art,Highlighter 6-Pack,4782.49,5,0.1,116.33
ORD-2022-00927,2022-03-22,2022-03-31,East,Home Office,Office Supplies,Binders,Premium Binder A4,17038.06,9,0.0,5213.13
ORD-2022-00928,2022-04-22,2022-04-28,West,Corporate,Furniture,Storage,Storage Box Set,34891.82,8,0.15,-1048.07
ORD-2022-00929,2022-03-16,2022-03-21,South,Corporate,Furniture,Storage,Storage Box Set,43597.13,9,0.05,1487.67
ORD-2022-00930,2023-03-20,2023-03-28,North,Corporate,Technology,Accessories,USB Hub 7-Port,205664.44,7,0.0,68489.11
ORD-2022-00931,2023-03-25,2023-03-31,North,Consumer,Furniture,Storage,Storage Box Set,55551.63,5,0.1,1217.2
ORD-2022-00932,2022-09-30,2022-10-03,East,Consumer,Office Supplies,Binders,Premium Binder A4,5287.85,8,0.2,-1628.55
ORD-2022-00933,2023-05-08,2023-05-14,South,Consumer,Office Supplies,Pens & Art,Highlighter 6-Pack,1724.88,3,0.2,-613.72
ORD-2022-00934,2022-05-23,2022-05-29,East,Consumer,Office Supplies,Binders,Presentation Binder,7446.16,9,0.0,794.26
ORD-2022-00935,2022-09-20,2022-09-22,South,Corporate,Technology,Phones,Redmi Note 12,107005.93,5,0.25,-25041.2
ORD-2022-00936,2022-11-20,2022-11-26,South,Home Office,Furniture,Storage,File Cabinet 4-Drawer,25899.75,7,0.1,-123.27
ORD-2022-00937,2023-07-30,2023-08-03,North,Consumer,Furniture,Tables,Study Desk Compact,12363.22,1,0.2,-5857.1
ORD-2022-00938,2022-02-01,2022-02-09,North,Consumer,Office Supplies,Labels,Barcode Label Set,3041.47,4,0.05,5.32
ORD-2022-00939,2023-06-28,2023-06-30,North,Corporate,Technology,Phones,Redmi Note 12,363205.37,7,0.2,-154413.99
ORD-2022-00940,2023-01-07,2023-01-16,East,Consumer,Office Supplies,Paper,A4 Copy Paper 500-Sheet,1226.66,1,0.05,23.91
ORD-2022-00941,2022-08-10,2022-08-16,West,Consumer,Office Supplies,Binders,Presentation Binder,7745.6,9,0.05,-81.28
ORD-2022-00942,2022-11-16,2022-11-22,South,Corporate,Technology,Printers,Epson L3252,281882.85,4,0.1,-3816.28
ORD-2022-00943,2023-11-26,2023-11-29,West,Consumer,Office Supplies,Binders,Economy Binder Set,2347.55,3,0.1,264.1
ORD-2022-00944,2022-06-11,2022-06-14,East,Consumer,Technology,Printers,Epson L3252,371680.4,8,0.3,-256517.54
ORD-2022-00945,2023-11-22,2023-11-29,South,Home Office,Office Supplies,Pens & Art,Highlighter 6-Pack,2582.52,9,0.05,209.86
ORD-2022-00946,2022-09-19,2022-09-22,West,Home Office,Furniture,Tables,Dining Table Oak,68554.63,4,0.1,9152.13
ORD-2022-00947,2023-11-28,2023-11-30,North,Corporate,Technology,Laptops,HP Pavilion 14,38350.94,4,0.05,7061.7
ORD-2022-00948,2022-07-28,2022-08-06,South,Consumer,Furniture,Chairs,Guest Chair,213520.18,9,0.05,29613.86
ORD-2022-00949,2022-03-10,2022-03-14,South,Corporate,Furniture,Chairs,Guest Chair,53503.87,4,0.3,-32412.38
ORD-2022-00950,2023-08-10,2023-08-13,North,Consumer,Office Supplies,Paper,Carbon Paper,4004.15,5,0.1,-345.82
ORD-2022-00951,2023-08-21,2023-08-29,North,Corporate,Office Supplies,Paper,Photo Glossy Paper,8039.91,5,0.2,-2063.3
ORD-2022-00952,2023-08-22,2023-08-31,West,Consumer,Furniture,Storage,Wardrobe 3-Door,101768.41,7,0.05,8418.91
ORD-2022-00953,2023-04-09,2023-04-17,North,Corporate,Office Supplies,Paper,A4 Copy Paper 500-Sheet,11394.64,9,0.2,-1467.52
ORD-2022-00954,2023-12-29,2024-01-01,North,Corporate,Office Supplies,Labels,Address Label Roll,3277.69,2,0.0,417.08
ORD-2022-00955,2022-08-11,2022-08-13,West,Home Office,Office Supplies,Pens & Art,Highlighter 6-Pack,8945.1,5,0.0,1453.23
ORD-2022-00956,2023-10-05,2023-10-11,North,Consumer,Technology,Accessories,Wireless Mouse Combo,652632.9,9,0.0,160912.32
ORD-2022-00957,2023-02-22,2023-02-25,North,Consumer,Office Supplies,Binders,Premium Binder A4,2527.86,9,0.05,480.77
ORD-2022-00958,2023-10-26,2023-10-29,West,Consumer,Furniture,Bookcases,Bookcase Pro 5-Shelf,69647.35,3,0.0,14889.73
ORD-2022-00959,2023-02-03,2023-02-10,East,Consumer,Technology,Laptops,Lenovo IdeaPad Slim 5,48241.8,1,0.25,-12635.35
ORD-2022-00960,2023-07-21,2023-07-24,East,Consumer,Furniture,Storage,Storage Box Set,5904.61,3,0.3,-2366.89
ORD-2022-00961,2023-06-07,2023-06-10,South,Consumer,Office Supplies,Binders,Premium Binder A4,1852.47,2,,325.75
ORD-2022-00962,2023-12-24,2023-12-26,South,Corporate,Technology,Phones,Samsung Galaxy A34,6215.29,5,0.0,1392.23
ORD-2022-00963,2023-03-31,2023-04-02,South,Consumer,Technology,Accessories,Laptop Cooling Pad,453510.95,6,0.1,31103.16
ORD-2022-00964,2022-05-25,2022-05-28,North,Consumer,Furniture,Bookcases,Bookcase Pro 5-Shelf,100315.58,5,0.0,
ORD-2022-00965,2023-02-14,2023-02-21,East,Consumer,Furniture,Bookcases,Bookcase Pro 5-Shelf,71031.74,4,0.0,19862.11
ORD-2022-00966,2022-11-25,2022-12-01,West,Consumer,Office Supplies,Pens & Art,Highlighter 6-Pack,2780.08,3,0.05,599.75
ORD-2022-00967,2023-02-28,2023-03-08,East,Consumer,Technology,Laptops,Lenovo IdeaPad Slim 5,40507.27,3,0.15,-9484.71
ORD-2022-00968,2023-11-23,2023-12-02,West,Corporate,Furniture,Bookcases,Bookcase Pro 5-Shelf,57904.88,4,0.05,13690.63
ORD-2022-00969,2022-03-31,2022-04-09,West,Home Office,Furniture,Tables,Study Desk Compact,23628.52,2,,-1241.93
ORD-2022-00970,2023-02-01,2023-02-03,North,Consumer,Office Supplies,Binders,Economy Binder Set,17684.8,9,0.1,-2319.96
ORD-2022-00971,2023-01-03,2023-01-11,West,Corporate,Technology,Accessories,USB Hub 7-Port,343457.29,8,0.1,59638.22
ORD-2022-00972,2022-05-21,2022-05-23,East,Consumer,Furniture,Storage,Wardrobe 3-Door,35373.04,2,0.1,1815.87
ORD-2022-00973,2023-03-19,2023-03-21,West,Consumer,Furniture,Chairs,Ergonomic Office Chair,50079.75,4,0.0,13718.06
ORD-2022-00974,2023-05-17,2023-05-20,South,Consumer,Office Supplies,Pens & Art,Highlighter 6-Pack,9211.16,9,0.0,2964.56
ORD-2022-00975,2023-06-20,2023-06-24,West,Home Office,Office Supplies,Labels,Barcode Label Set,13417.38,7,0.0,1442.51
ORD-2022-00976,2022-03-16,2022-03-21,West,Home Office,Office Supplies,Paper,Carbon Paper,9978.4,5,0.1,-223.63
ORD-2022-00977,2023-02-01,2023-02-04,South,Corporate,Furniture,Tables,Study Desk Compact,105528.46,8,0.15,-11770.7
ORD-2022-00978,2022-03-31,2022-04-03,East,Consumer,Technology,Laptops,HP Pavilion 14,21493.96,1,0.2,-6268.28
ORD-2022-00979,2023-04-15,2023-04-18,East,Home Office,Furniture,Chairs,Guest Chair,104447.66,5,0.1,-7217.43
ORD-2022-00980,2023-10-29,2023-11-06,East,Consumer,Technology,Phones,Redmi Note 12,169704.1,8,0.2,-51292.42
ORD-2022-00981,2022-07-17,2022-07-19,West,Consumer,Office Supplies,Binders,Premium Binder A4,401.12,7,0.0,95.91
ORD-2022-00982,2022-01-07,2022-01-12,West,Consumer,Furniture,Bookcases,Bookcase Pro 5-Shelf,2851.43,2,0.0,464.72
ORD-2022-00983,2023-09-22,2023-09-27,North,Home Office,Furniture,Tables,Coffee Table Glass,9328.61,3,0.2,-381.19
ORD-2022-00984,2023-07-28,2023-08-05,North,Home Office,Technology,Phones,Redmi Note 12,59007.95,9,0.2,-16818.3
ORD-2022-00985,2022-12-15,2022-12-20,South,Corporate,Furniture,Storage,Storage Box Set,48462.53,6,,4172.03
ORD-2022-00986,2022-01-12,2022-01-16,East,Corporate,Furniture,Tables,Coffee Table Glass,58615.13,5,0.0,16252.89
ORD-2022-00987,2022-03-15,2022-03-21,North,Home Office,Office Supplies,Pens & Art,Highlighter 6-Pack,6046.31,4,0.05,-23.49
ORD-2022-00988,2023-03-29,2023-04-02,East,Consumer,Office Supplies,Pens & Art,Ballpoint Pen Box,2729.5,2,0.05,716.36
ORD-2022-00989,2023-11-10,2023-11-14,South,Consumer,Technology,Printers,Canon Pixma G3010,71493.35,2,0.15,-5252.93
ORD-2022-00990,2023-04-28,2023-05-04,North,Consumer,Furniture,Bookcases,Bookcase Classic 3-Shelf,69783.28,5,0.0,21580.42
ORD-2022-00991,2022-01-25,2022-01-29,West,Consumer,Office Supplies,Pens & Art,Ballpoint Pen Box,1121.7,2,0.0,346.43
ORD-2022-00992,2022-12-07,2022-12-10,North,Home Office,Furniture,Tables,Study Desk Compact,157092.52,7,0.05,8927.88
ORD-2022-00993,2023-08-10,2023-08-17,West,Consumer,Furniture,Tables,Coffee Table Glass,18143.62,3,0.1,908.57
ORD-2022-00994,2023-08-01,2023-08-10,West,Consumer,Technology,Accessories,USB Hub 7-Port,49548.28,1,0.0,14325.82
ORD-2022-00995,2022-12-11,2022-12-14,West,Consumer,Technology,Phones,OnePlus Nord CE 3,34328.25,1,0.25,-12303.16
ORD-2022-00996,2022-02-16,2022-02-19,West,Corporate,Office Supplies,Paper,A4 Copy Paper 500-Sheet,7819.79,7,0.05,1414.91
ORD-2022-00997,2023-03-10,2023-03-17,North,Corporate,Furniture,Storage,File Cabinet 4-Drawer,30308.78,3,0.15,-1002.53
ORD-2022-00998,2022-10-20,2022-10-22,West,Consumer,Technology,Accessories,Wireless Mouse Combo,288489.61,7,0.1,27643.3
ORD-2022-00999,2022-06-14,2022-06-22,South,Consumer,Technology,Accessories,Wireless Mouse Combo,306023.72,5,0.0,72515.87
ORD-2022-01000,2023-06-27,2023-07-05,South,Consumer,Technology,Accessories,Wireless Mouse Combo,2387.64,2,0.15,-488.01
ORD-2023-01001,2022-07-03,2022-07-07,South,Consumer,Office Supplies,Labels,Address Label Roll,8984.61,8,0.2,-2278.34
ORD-2023-01002,2022-11-20,2022-11-27,East,Consumer,Office Supplies,Paper,Photo Glossy Paper,1073.08,7,0.0,118.71
ORD-2023-01003,2023-01-20,2023-01-24,West,Consumer,Office Supplies,Binders,Premium Binder A4,5465.35,7,0.0,1280.69
ORD-2023-01004,2023-12-30,2024-01-04,East,Home Office,Furniture,Tables,Study Desk Compact,78129.47,4,0.0,19131.84
ORD-2023-01005,2023-01-28,2023-02-03,West,Corporate,Furniture,Chairs,Executive Leather Chair,20481.03,1,0.2,-7788.46
ORD-2023-01006,2022-06-16,2022-06-21,East,Home Office,Technology,Phones,OnePlus Nord CE 3,185223.74,6,0.25,-24744.16
ORD-2023-01007,2023-06-11,2023-06-13,South,Consumer,Office Supplies,Labels,Address Label Roll,5262.26,8,0.05,1080.97
ORD-2023-01008,2022-11-05,2022-11-08,East,Home Office,Office Supplies,Paper,Photo Glossy Paper,4754.5,5,0.05,869.28
ORD-2023-01009,2023-02-09,2023-02-12,North,Home Office,Office Supplies,Labels,Barcode Label Set,808.75,3,0.05,165.75
ORD-2023-01010,2023-01-26,2023-01-30,North,Consumer,Furniture,Tables,Coffee Table Glass,37802.79,7,0.05,7386.49
ORD-2023-01011,2023-11-03,2023-11-07,East,Consumer,Furniture,Bookcases,Bookcase Classic 3-Shelf,159301.49,7,0.1,
ORD-2023-01012,2022-05-18,2022-05-20,South,Consumer,Technology,Accessories,Wireless Mouse Combo,203768.24,4,0.0,61998.01
ORD-2023-01013,2022-08-07,2022-08-13,West,Corporate,Technology,Printers,HP LaserJet Pro,542461.76,9,0.0,175342.26
ORD-2023-01014,2023-02-03,2023-02-10,East,Home Office,Office Supplies,Labels,Address Label Roll,930.11,1,0.05,194.61
ORD-2023-01015,2023-12-12,2023-12-21,South,Consumer,Office Supplies,Binders,Premium Binder A4,2198.98,2,0.0,496.84
ORD-2023-01016,2023-07-08,2023-07-14,East,Corporate,Furniture,Storage,Wardrobe 3-Door,40455.11,4,0.0,12555.28
ORD-2023-01017,2023-12-02,2023-12-04,East,Consumer,Technology,Printers,HP LaserJet Pro,400273.69,6,0.1,-17411.24
ORD-2023-01018,2022-05-28,2022-06-03,East,Corporate,Furniture,Storage,Wardrobe 3-Door,195952.6,8,0.05,25757.34
ORD-2023-01019,2022-10-24,2022-10-27,East,Consumer,Technology,Phones,Redmi Note 12,201798.81,8,0.25,-37765.68
ORD-2023-01020,2023-01-17,2023-01-19,South,Consumer,Office Supplies,Pens & Art,Ballpoint Pen Box,8024.82,5,0.05,1118.96
ORD-2023-01021,2022-11-28,2022-12-03,South,Corporate,Furniture,Bookcases,Bookcase Pro 5-Shelf,34210.26,2,0.05,-465.63
ORD-2023-01022,2022-08-19,2022-08-26,South,Corporate,Furniture,Storage,Wardrobe 3-Door,115788.49,8,0.15,-20127.12
ORD-2023-01023,2023-07-22,2023-07-30,West,Consumer,Furniture,Bookcases,Bookcase Pro 5-Shelf,55989.02,7,0.15,-10617.9
ORD-2023-01024,2023-03-11,2023-03-14,South,Home Office,Technology,Phones,Redmi Note 12,146723.08,5,,-61540.79
ORD-2023-01025,2022-11-13,2022-11-21,South,Consumer,Technology,Printers,Epson L3252,132834.35,2,0.3,-94346.71
ORD-2023-01026,2022-08-07,2022-08-16,South,Consumer,Office Supplies,Binders,Premium Binder A4,11649.72,8,0.0,2272.41
ORD-2023-01027,2022-12-16,2022-12-19,North,Consumer,Office Supplies,Binders,Premium Binder A4,706.26,8,0.05,-27.13
ORD-2023-01028,2023-11-13,2023-11-17,East,Corporate,Technology,Accessories,USB Hub 7-Port,187395.68,3,0.05,9503.76
ORD-2023-01029,2023-01-04,2023-01-12,North,Consumer,Office Supplies,Pens & Art,Ballpoint Pen Box,2111.69,8,0.0,188.84
ORD-2023-01030,2023-07-19,2023-07-23,West,Consumer,Technology,Printers,Canon Pixma G3010,19480.93,3,0.15,-340.81
ORD-2023-01031,2022-06-08,2022-06-14,North,Consumer,Office Supplies,Paper,A4 Copy Paper 500-Sheet,9843.24,7,0.05,435.07
ORD-2023-01032,2022-02-11,2022-02-13,South,Corporate,Office Supplies,Binders,Economy Binder Set,10717.94,6,0.0,1663.97
ORD-2023-01033,2022-09-03,2022-09-05,North,Home Office,Furniture,Bookcases,Bookcase Classic 3-Shelf,129367.65,6,0.0,18743.71
ORD-2023-01034,2022-08-18,2022-08-22,South,Corporate,Furniture,Bookcases,Bookcase Classic 3-Shelf,11373.56,4,0.0,1782.99
ORD-2023-01035,2023-07-08,2023-07-11,North,Consumer,Furniture,Chairs,Ergonomic Office Chair,22788.46,5,0.1,218.01
ORD-2023-01036,2022-06-10,2022-06-15,North,Consumer,Furniture,Tables,Dining Table Oak,41332.1,4,0.2,-14672.15
ORD-2023-01037,2022-02-12,2022-02-14,North,Corporate,Office Supplies,Pens & Art,Ballpoint Pen Box,467.68,2,0.0,132.52
ORD-2023-01038,2023-02-09,2023-02-15,North,Consumer,Office Supplies,Labels,Color Dot Labels,12467.23,7,0.1,-198.63
ORD-2023-01039,2022-10-27,2022-10-31,North,Consumer,Technology,Printers,HP LaserJet Pro,521952.5,9,0.15,40126.33
ORD-2023-01040,2022-03-16,2022-03-19,East,Consumer,Office Supplies,Paper,Carbon Paper,1957.67,2,0.05,83.07
ORD-2023-01041,2022-08-09,2022-08-12,West,Consumer,Technology,Phones,Samsung Galaxy A34,444156.35,9,0.0,96376.9
ORD-2023-01042,2023-10-19,2023-10-24,South,Home Office,Furniture,Storage,Wardrobe 3-Door,111286.97,7,0.05,2645.88
ORD-2023-01043,2022-08-23,2022-08-27,East,Consumer,Office Supplies,Binders,Premium Binder A4,1794.69,1,0.1,-140.65
ORD-2023-01044,2023-09-15,2023-09-17,North,Consumer,Furniture,Bookcases,Bookcase Classic 3-Shelf,16939.07,1,0.1,-1379.27
ORD-2023-01045,2023-08-04,2023-08-10,South,Consumer,Furniture,Tables,Dining Table Oak,54789.53,7,0.15,-9940.42
ORD-2023-01046,2023-05-13,2023-05-16,North,Corporate,Technology,Accessories,Laptop Cooling Pad,61445.9,5,0.0,5219.6
ORD-2023-01047,2023-03-23,2023-03-30,South,Consumer,Office Supplies,Paper,Photo Glossy Paper,366.8,1,0.0,103.62
ORD-2023-01048,2023-01-07,2023-01-11,North,Corporate,Office Supplies,Binders,Premium Binder A4,7709.42,5,0.1,-860.1
ORD-2023-01049,2023-07-11,2023-07-14,North,Corporate,Office Supplies,Binders,Premium Binder A4,741.73,3,0.05,98.21
ORD-2023-01050,2023-10-19,2023-10-26,East,Consumer,Technology,Printers,Canon Pixma G3010,15968.35,6,0.1,-1263.75
ORD-2023-01051,2023-07-10,2023-07-15,East,Corporate,Technology,Laptops,Lenovo IdeaPad Slim 5,111321.99,3,0.1,8268.17
ORD-2023-01052,2022-06-08,2022-06-11,South,Consumer,Office Supplies,Pens & Art,Highlighter 6-Pack,12318.98,7,,3647.5
ORD-2023-01053,2023-05-18,2023-05-21,South,Consumer,Technology,Phones,OnePlus Nord CE 3,35593.3,3,0.25,-16454.25
ORD-2023-01054,2022-01-27,2022-01-29,East,Corporate,Furniture,Storage,Wardrobe 3-Door,78849.04,5,0.1,1050.73
ORD-2023-01055,2022-01-28,2022-01-30,North,Consumer,Furniture,Chairs,Ergonomic Office Chair,47729.17,2,0.1,-8189.34
ORD-2023-01056,2023-05-13,2023-05-18,South,Corporate,Technology,Accessories,USB Hub 7-Port,354973.11,5,0.05,68696.77
ORD-2023-01057,2023-09-25,2023-09-28,East,Home Office,Technology,Phones,Samsung Galaxy A34,612754.79,9,0.1,-80184.15
ORD-2023-01058,2023-05-17,2023-05-23,South,Corporate,Technology,Accessories,USB Hub 7-Port,5216.82,3,0.0,1658.94
ORD-2023-01059,2022-12-08,2022-12-17,East,Corporate,Furniture,Chairs,Ergonomic Office Chair,44545.96,6,0.0,
ORD-2023-01060,2023-09-28,2023-10-04,West,Corporate,Furniture,Storage,Storage Box Set,20469.35,6,0.05,-349.17
ORD-2023-01061,2022-04-12,2022-04-14,South,Home Office,Technology,Printers,HP LaserJet Pro,104165.23,2,0.0,35642.36
ORD-2023-01062,2023-06-18,2023-06-24,West,Consumer,Furniture,Bookcases,Bookcase Classic 3-Shelf,26645.46,6,0.0,8758.7
ORD-2023-01063,2022-09-08,2022-09-17,West,Home Office,Furniture,Tables,Coffee Table Glass,30553.3,9,,1668.85
ORD-2023-01064,2022-09-14,2022-09-17,North,Home Office,Furniture,Storage,File Cabinet 4-Drawer,219337.04,9,0.2,-93003.9
ORD-2023-01065,2023-04-18,2023-04-21,West,Consumer,Office Supplies,Labels,Address Label Roll,4475.59,3,0.05,864.67
ORD-2023-01066,2022-07-11,2022-07-17,East,Consumer,Technology,Accessories,Laptop Cooling Pad,177103.77,4,0.0,23062.86
ORD-2023-01067,2022-05-09,2022-05-18,South,Home Office,Furniture,Tables,Study Desk Compact,18943.43,1,0.15,-2263.42
ORD-2023-01068,2023-06-26,2023-07-05,North,Corporate,Technology,Phones,Redmi Note 12,406740.21,9,0.3,-288582.07
ORD-2023-01069,2022-01-26,2022-01-30,East,Consumer,Furniture,Tables,Study Desk Compact,58586.13,4,0.0,15877.7
ORD-2023-01070,2022-09-28,2022-10-06,North,Corporate,Office Supplies,Labels,Address Label Roll,4186.4,5,0.05,899.0
ORD-2023-01071,2022-12-28,2023-01-01,West,Corporate,Technology,Printers,Canon Pixma G3010,205856.93,3,0.25,-48460.17
ORD-2023-01072,2023-02-11,2023-02-16,North,Home Office,Technology,Accessories,Laptop Cooling Pad,484886.66,8,,32937.77
ORD-2023-01073,2023-03-13,2023-03-21,South,Consumer,Office Supplies,Binders,Presentation Binder,10935.78,6,0.0,2426.87
ORD-2023-01074,2023-03-08,2023-03-11,South,Consumer,Furniture,Storage,Storage Box Set,138231.48,8,0.0,45075.26
ORD-2023-01075,2022-11-04,2022-11-07,West,Home Office,Office Supplies,Labels,Color Dot Labels,6765.53,5,0.05,723.21
ORD-2023-01076,2023-01-19,2023-01-23,North,Corporate,Technology,Phones,OnePlus Nord CE 3,534866.89,7,0.15,-99341.95
ORD-2023-01077,2023-08-23,2023-08-31,West,Corporate,Furniture,Bookcases,Bookcase Pro 5-Shelf,38495.24,6,0.0,12588.6
ORD-2023-01078,2023-11-27,2023-12-06,South,Consumer,Furniture,Bookcases,Bookcase Classic 3-Shelf,28519.99,2,0.1,-2614.53
ORD-2023-01079,2022-05-13,2022-05-17,South,Consumer,Furniture,Storage,Storage Box Set,54637.92,6,0.2,-8163.05
ORD-2023-01080,2022-08-08,2022-08-15,West,Consumer,Office Supplies,Pens & Art,Ballpoint Pen Box,1150.4,6,0.1,141.15
ORD-2023-01081,2022-10-20,2022-10-22,North,Consumer,Office Supplies,Paper,Carbon Paper,1026.69,1,0.0,
ORD-2023-01082,2023-06-23,2023-06-25,West,Home Office,Office Supplies,Paper,Photo Glossy Paper,1903.89,2,0.1,-69.94
ORD-2023-01083,2022-05-18,2022-05-21,West,Corporate,Office Supplies,Pens & Art,Ballpoint Pen Box,4648.93,4,0.1,330.11
ORD-2023-01084,2022-06-19,2022-06-22,West,Consumer,Furniture,Bookcases,Bookcase Classic 3-Shelf,36973.33,2,0.1,-1420.14
ORD-2023-01085,2022-08-19,2022-08-26,East,Consumer,Furniture,Chairs,Guest Chair,128495.06,7,0.05,5418.12
ORD-2023-01086,2023-04-24,2023-04-29,North,Consumer,Office Supplies,Pens & Art,Sketch Pen Set 24,5501.23,9,0.0,1246.81
ORD-2023-01087,2023-12-29,2024-01-07,North,Consumer,Office Supplies,Paper,Carbon Paper,13075.97,7,0.2,-3645.09
ORD-2023-01088,2023-12-25,2023-12-31,East,Consumer,Technology,Printers,HP LaserJet Pro,364285.86,8,0.15,-24099.71
ORD-2023-01089,2023-05-04,2023-05-10,West,Corporate,Office Supplies,Labels,Barcode Label Set,5808.51,5,0.1,-267.23
ORD-2023-01090,2022-08-09,2022-08-13,North,Corporate,Furniture,Storage,File Cabinet 4-Drawer,80452.18,5,0.0,16854.78
ORD-2023-01091,2023-07-08,2023-07-10,East,Corporate,Technology,Laptops,HP Pavilion 14,138173.82,3,0.05,10784.87
ORD-2023-01092,2022-04-16,2022-04-18,North,Corporate,Technology,Phones,Samsung Galaxy A34,287152.33,9,0.1,-25452.49
ORD-2023-01093,2022-07-14,2022-07-20,South,Home Office,Furniture,Storage,Storage Box Set,13780.92,2,0.1,
ORD-2023-01094,2023-07-22,2023-07-26,North,Consumer,Furniture,Bookcases,Bookcase Pro 5-Shelf,19244.55,2,0.1,703.48
ORD-2023-01095,2023-03-18,2023-03-23,East,Corporate,Office Supplies,Binders,Economy Binder Set,16233.41,9,0.1,-1160.35
ORD-2023-01096,2022-01-17,2022-01-21,West,Corporate,Technology,Laptops,Lenovo IdeaPad Slim 5,294540.63,5,0.1,21992.65
ORD-2023-01097,2023-02-05,2023-02-08,South,Consumer,Office Supplies,Labels,Color Dot Labels,5557.64,4,0.05,806.49
ORD-2023-01098,2023-04-14,2023-04-17,North,Consumer,Furniture,Bookcases,Bookcase Pro 5-Shelf,13501.44,6,0.1,160.83
ORD-2023-01099,2022-03-07,2022-03-11,East,Consumer,Technology,Phones,OnePlus Nord CE 3,34068.82,2,0.15,1249.5
ORD-2023-01100,2022-04-20,2022-04-22,South,Corporate,Office Supplies,Paper,Photo Glossy Paper,7363.52,9,0.0,605.1
ORD-2023-01101,2023-10-20,2023-10-27,South,Consumer,Technology,Printers,Epson L3252,279413.37,7,0.15,-32564.4
ORD-2023-01102,2023-07-01,2023-07-07,North,Corporate,Office Supplies,Binders,Presentation Binder,9465.51,8,0.0,
ORD-2023-01103,2023-05-23,2023-05-25,South,Home Office,Office Supplies,Binders,Premium Binder A4,15829.14,9,0.1,-3294.28
ORD-2023-01104,2022-03-08,2022-03-17,North,Corporate,Furniture,Tables,Coffee Table Glass,18942.59,3,0.2,-5340.59
ORD-2023-01105,2023-08-24,2023-08-26,West,Corporate,Furniture,Bookcases,Bookcase Pro 5-Shelf,18110.03,3,0.0,2040.53
ORD-2023-01106,2022-10-10,2022-10-15,South,Consumer,Office Supplies,Paper,Carbon Paper,5898.23,4,0.05,1393.26
ORD-2023-01107,2022-08-11,2022-08-20,North,Consumer,Furniture,Chairs,Ergonomic Office Chair,159121.25,9,0.2,-68670.09
ORD-2023-01108,2022-03-30,2022-04-04,West,Consumer,Technology,Laptops,Dell Inspiron 15,30488.3,1,0.2,-10838.96
ORD-2023-01109,2022-09-14,2022-09-16,North,Corporate,Office Supplies,Binders,Presentation Binder,1725.75,1,0.05,358.64
ORD-2023-01110,2022-11-07,2022-11-13,North,Consumer,Technology,Printers,Canon Pixma G3010,188262.44,4,0.15,-26325.03
ORD-2023-01111,2023-10-22,2023-10-29,West,Corporate,Furniture,Tables,Study Desk Compact,40216.11,3,0.15,-9363.68
ORD-2023-01112,2023-02-12,2023-02-18,North,Home Office,Furniture,Chairs,Executive Leather Chair,18587.8,2,0.2,-9014.08
ORD-2023-01113,2022-07-12,2022-07-14,North,Home Office,Office Supplies,Pens & Art,Ballpoint Pen Box,3892.02,3,0.2,-1515.3
ORD-2023-01114,2022-10-04,2022-10-08,North,Consumer,Furniture,Tables,Dining Table Oak,25466.18,3,0.1,-2649.51
ORD-2023-01115,2023-03-14,2023-03-22,South,Corporate,Furniture,Storage,Storage Box Set,138891.55,7,,14283.33
ORD-2023-01116,2023-11-25,2023-12-01,West,Consumer,Technology,Printers,HP LaserJet Pro,270913.09,5,0.0,49566.53
ORD-2023-01117,2022-12-02,2022-12-06,South,Consumer,Office Supplies,Labels,Address Label Roll,1141.93,1,0.0,212.87
ORD-2023-01118,2023-06-03,2023-06-05,North,Home Office,Furniture,Chairs,Executive Leather Chair,13466.6,2,0.15,-1051.62
ORD-2023-01119,2023-05-13,2023-05-18,East,Consumer,Furniture,Storage,File Cabinet 4-Drawer,199708.45,9,0.1,5803.04
ORD-2023-01120,2023-01-13,2023-01-22,North,Corporate,Office Supplies,Labels,Barcode Label Set,8321.62,9,0.05,793.97
ORD-2023-01121,2022-09-18,2022-09-26,South,Consumer,Technology,Accessories,Wireless Mouse Combo,34872.05,1,0.15,-4356.94
ORD-2023-01122,2022-06-07,2022-06-16,North,Consumer,Technology,Laptops,Dell Inspiron 15,142157.1,9,0.05,11872.22
ORD-2023-01123,2022-09-02,2022-09-11,South,Corporate,Furniture,Bookcases,Bookcase Classic 3-Shelf,101438.3,5,0.0,16828.19
ORD-2023-01124,2022-06-19,2022-06-25,South,Consumer,Furniture,Tables,Coffee Table Glass,174749.39,8,0.0,44827.98
ORD-2023-01125,2023-11-23,2023-11-28,East,Consumer,Office Supplies,Labels,Color Dot Labels,2351.39,2,,280.71
ORD-2023-01126,2023-02-04,2023-02-07,South,Corporate,Furniture,Tables,Dining Table Oak,35723.37,9,0.05,4817.02
ORD-2023-01127,2023-06-09,2023-06-11,West,Consumer,Technology,Printers,HP LaserJet Pro,55156.31,2,0.0,18204.86
ORD-2023-01128,2022-05-26,2022-05-29,East,Corporate,Office Supplies,Binders,Presentation Binder,1937.53,9,0.0,287.27
ORD-2023-01129,2022-04-22,2022-04-30,West,Consumer,Technology,Printers,Canon Pixma G3010,129668.5,2,,-60485.88
ORD-2023-01130,2022-11-30,2022-12-06,North,Corporate,Furniture,Chairs,Guest Chair,16312.77,2,0.1,-1196.07
ORD-2023-01131,2023-02-18,2023-02-23,North,Consumer,Technology,Printers,HP LaserJet Pro,346939.77,8,0.0,28448.69
ORD-2023-01132,2023-11-12,2023-11-14,East,Consumer,Office Supplies,Pens & Art,Highlighter 6-Pack,13689.06,9,0.2,-940.94
ORD-2023-01133,2022-03-12,2022-03-21,West,Consumer,Furniture,Storage,Wardrobe 3-Door,207780.58,9,0.0,50330.16
ORD-2023-01134,2022-06-17,2022-06-21,South,Consumer,Office Supplies,Pens & Art,Highlighter 6-Pack,3146.89,5,0.1,-28.28
ORD-2023-01135,2023-04-05,2023-04-14,South,Consumer,Technology,Accessories,Wireless Mouse Combo,52633.22,1,0.1,7124.52
ORD-2023-01136,2023-07-10,2023-07-17,East,Corporate,Furniture,Bookcases,Bookcase Classic 3-Shelf,24702.49,6,0.0,4911.72
ORD-2023-01137,2022-01-25,2022-02-03,West,Consumer,Technology,Accessories,Laptop Cooling Pad,21063.49,2,0.05,4057.25
ORD-2023-01138,2022-09-15,2022-09-17,North,Consumer,Technology,Accessories,Wireless Mouse Combo,98941.26,6,0.0,28175.53
ORD-2023-01139,2022-02-22,2022-03-03,North,Consumer,Furniture,Chairs,Ergonomic Office Chair,31677.79,2,0.3,-21806.41
ORD-2023-01140,2023-12-28,2024-01-06,North,Consumer,Office Supplies,Binders,Presentation Binder,815.51,2,0.05,184.58
ORD-2023-01141,2023-01-30,2023-02-01,North,Corporate,Furniture,Chairs,Ergonomic Office Chair,76801.69,7,0.2,-23641.29
ORD-2023-01142,2023-12-13,2023-12-15,West,Corporate,Office Supplies,Binders,Premium Binder A4,6605.11,9,0.2,-2915.0
ORD-2023-01143,2023-12-09,2023-12-17,West,Consumer,Technology,Phones,OnePlus Nord CE 3,131948.01,3,0.2,-45810.21
ORD-2023-01144,2022-12-29,2023-01-05,North,Consumer,Furniture,Storage,File Cabinet 4-Drawer,59800.8,8,0.05,4346.98
ORD-2023-01145,2022-09-16,2022-09-22,East,Consumer,Furniture,Storage,File Cabinet 4-Drawer,32688.85,3,0.1,3975.9
ORD-2023-01146,2023-07-16,2023-07-24,North,Corporate,Furniture,Tables,Coffee Table Glass,105784.32,7,0.3,-25206.7
ORD-2023-01147,2023-03-02,2023-03-10,North,Consumer,Technology,Accessories,Laptop Cooling Pad,286812.86,8,0.15,-30594.01
ORD-2023-01148,2022-10-06,2022-10-13,North,Home Office,Furniture,Bookcases,Bookcase Classic 3-Shelf,37418.44,3,0.0,7230.13
ORD-2023-01149,2022-10-29,2022-11-01,North,Corporate,Office Supplies,Paper,A4 Copy Paper 500-Sheet,15073.04,9,0.2,-5736.19
ORD-2023-01150,2022-05-16,2022-05-18,South,Home Office,Office Supplies,Binders,Presentation Binder,10212.35,6,0.05,2176.03
ORD-2023-01151,2023-09-29,2023-10-03,South,Corporate,Technology,Accessories,USB Hub 7-Port,121605.58,8,0.1,-15243.72
ORD-2023-01152,2023-04-17,2023-04-20,West,Consumer,Furniture,Bookcases,Bookcase Pro 5-Shelf,33945.95,4,0.0,11625.89
ORD-2023-01153,2023-08-12,2023-08-17,North,Home Office,Furniture,Bookcases,Bookcase Classic 3-Shelf,112134.13,8,0.0,24873.66
ORD-2023-01154,2023-04-21,2023-04-24,East,Consumer,Office Supplies,Labels,Barcode Label Set,4391.08,3,0.05,142.73
ORD-2023-01155,2022-05-29,2022-06-03,North,Consumer,Technology,Laptops,Lenovo IdeaPad Slim 5,38740.1,6,,-4026.09
ORD-2023-01156,2022-04-10,2022-04-18,West,Consumer,Furniture,Bookcases,Bookcase Pro 5-Shelf,63005.52,5,0.1,-7357.35
ORD-2023-01157,2022-12-02,2022-12-09,North,Consumer,Office Supplies,Labels,Color Dot Labels,8863.28,6,0.05,898.25
ORD-2023-01158,2023-10-17,2023-10-20,South,Home Office,Technology,Accessories,Wireless Mouse Combo,99696.32,3,0.0,31679.23
ORD-2023-01159,2022-01-19,2022-01-21,North,Consumer,Furniture,Chairs,Guest Chair,22486.47,1,0.2,-3718.75
ORD-2023-01160,2022-07-23,2022-07-28,West,Consumer,Technology,Phones,OnePlus Nord CE 3,425160.36,9,0.0,70194.22
ORD-2023-01161,2023-04-23,2023-05-01,South,Consumer,Office Supplies,Pens & Art,Ballpoint Pen Box,5093.13,4,0.05,1106.21
ORD-2023-01162,2022-10-16,2022-10-21,East,Consumer,Office Supplies,Binders,Presentation Binder,1167.61,1,0.0,174.29
ORD-2023-01163,2023-02-01,2023-02-03,North,Consumer,Technology,Printers,Canon Pixma G3010,629737.74,9,0.1,-41075.81
ORD-2023-01164,2023-04-10,2023-04-16,West,Corporate,Office Supplies,Pens & Art,Sketch Pen Set 24,7713.28,7,0.0,820.46
ORD-2023-01165,2022-06-04,2022-06-10,West,Consumer,Technology,Accessories,USB Hub 7-Port,89334.22,4,0.1,3768.41
ORD-2023-01166,2022-07-19,2022-07-27,South,Consumer,Office Supplies,Paper,Carbon Paper,7916.04,9,0.05,1903.41
ORD-2023-01167,2022-09-09,2022-09-12,North,Consumer,Furniture,Tables,Study Desk Compact,72443.8,4,0.0,12810.12
ORD-2023-01168,2022-05-04,2022-05-11,East,Corporate,Technology,Phones,Samsung Galaxy A34,67791.24,4,0.0,15837.52
ORD-2023-01169,2022-01-01,2022-01-03,East,Consumer,Office Supplies,Labels,Color Dot Labels,1957.05,1,0.0,281.23
ORD-2023-01170,2022-03-06,2022-03-12,East,Consumer,Technology,Phones,Redmi Note 12,156790.28,3,0.0,40210.84
ORD-2023-01171,2022-07-21,2022-07-29,North,Consumer,Furniture,Bookcases,Bookcase Pro 5-Shelf,22463.56,2,0.15,-7398.36
ORD-2023-01172,2023-09-29,2023-10-04,North,Corporate,Office Supplies,Labels,Color Dot Labels,5203.29,3,0.0,1249.7
ORD-2023-01173,2023-01-18,2023-01-20,West,Home Office,Technology,Laptops,Lenovo IdeaPad Slim 5,474105.51,6,0.1,-19957.49
ORD-2023-01174,2022-03-29,2022-04-01,North,Consumer,Office Supplies,Pens & Art,Ballpoint Pen Box,5631.5,4,0.0,535.12
ORD-2023-01175,2022-11-02,2022-11-07,South,Corporate,Furniture,Tables,Study Desk Compact,178719.15,9,,
ORD-2023-01176,2023-09-28,2023-10-04,East,Consumer,Technology,Printers,Epson L3252,115586.96,8,0.2,-16693.68
ORD-2023-01177,2022-02-18,2022-02-22,East,Corporate,Furniture,Tables,Coffee Table Glass,120988.34,8,0.2,-30735.64
ORD-2023-01178,2023-07-14,2023-07-22,North,Corporate,Technology,Phones,Redmi Note 12,390123.87,8,0.3,-270137.48
ORD-2023-01179,2023-09-26,2023-09-30,North,Home Office,Furniture,Bookcases,Bookcase Pro 5-Shelf,139116.61,9,0.1,4879.9
ORD-2023-01180,2022-05-18,2022-05-26,West,Consumer,Office Supplies,Binders,Economy Binder Set,2036.5,5,0.05,36.42
ORD-2023-01181,2023-02-27,2023-03-04,South,Home Office,Office Supplies,Binders,Economy Binder Set,2736.31,3,0.0,532.48
ORD-2023-01182,2022-11-19,2022-11-28,West,Consumer,Technology,Accessories,USB Hub 7-Port,14221.76,1,0.1,15.22
ORD-2023-01183,2023-01-01,2023-01-04,East,Consumer,Technology,Laptops,Dell Inspiron 15,478127.97,7,0.3,-294547.88
ORD-2023-01184,2023-08-18,2023-08-22,North,Corporate,Office Supplies,Labels,Barcode Label Set,3215.82,3,0.0,442.08
ORD-2023-01185,2023-11-23,2023-12-01,North,Corporate,Office Supplies,Binders,Premium Binder A4,255.32,1,0.0,36.66
ORD-2023-01186,2022-09-18,2022-09-20,East,Consumer,Office Supplies,Labels,Color Dot Labels,3618.66,2,,747.15
ORD-2023-01187,2023-06-15,2023-06-17,East,Home Office,Technology,Accessories,USB Hub 7-Port,52033.88,9,0.1,-8580.5
ORD-2023-01188,2023-10-24,2023-10-31,West,Consumer,Technology,Laptops,Dell Inspiron 15,173009.22,5,0.1,2012.43
ORD-2023-01189,2022-10-31,2022-11-07,South,Consumer,Technology,Phones,Samsung Galaxy A34,37938.86,2,0.15,-1179.37
ORD-2023-01190,2022-09-12,2022-09-19,South,Corporate,Office Supplies,Labels,Barcode Label Set,2334.54,6,0.2,-788.93
ORD-2023-01191,2022-02-13,2022-02-20,East,Home Office,Furniture,Storage,File Cabinet 4-Drawer,145409.51,8,0.1,4284.44
ORD-2023-01192,2023-08-06,2023-08-08,East,Consumer,Office Supplies,Paper,A4 Copy Paper 500-Sheet,4296.75,6,0.0,534.34
ORD-2023-01193,2022-05-19,2022-05-27,South,Consumer,Technology,Phones,Redmi Note 12,428455.31,9,0.0,129036.79
ORD-2023-01194,2023-06-04,2023-06-09,West,Corporate,Technology,Phones,OnePlus Nord CE 3,105194.87,8,0.05,15608.16
ORD-2023-01195,2023-12-11,2023-12-18,South,Home Office,Office Supplies,Labels,Barcode Label Set,3366.92,2,0.0,1157.45
ORD-2023-01196,2023-09-29,2023-10-05,East,Corporate,Office Supplies,Binders,Presentation Binder,2112.89,2,0.05,-60.4
ORD-2023-01197,2022-08-03,2022-08-12,East,Consumer,Office Supplies,Labels,Address Label Roll,12139.46,7,0.1,-1280.13
ORD-2023-01198,2022-08-02,2022-08-05,West,Corporate,Office Supplies,Pens & Art,Sketch Pen Set 24,2379.77,5,0.05,168.38
ORD-2023-01199,2023-04-13,2023-04-21,North,Home Office,Technology,Laptops,Dell Inspiron 15,78941.79,1,0.05,2823.82
ORD-2023-01200,2022-03-24,2022-04-01,North,Consumer,Technology,Printers,HP LaserJet Pro,7237.42,1,0.25,-928.5
ORD-2023-01201,2023-12-16,2023-12-19,East,Consumer,Furniture,Chairs,Executive Leather Chair,55954.67,7,0.1,9229.97
ORD-2023-01202,2023-12-17,2023-12-21,West,Corporate,Office Supplies,Paper,A4 Copy Paper 500-Sheet,3187.14,4,0.2,-1208.03
ORD-2023-01203,2023-08-04,2023-08-06,South,Consumer,Office Supplies,Binders,Presentation Binder,5803.9,3,0.05,578.04
ORD-2023-01204,2022-12-03,2022-12-12,West,Home Office,Technology,Phones,Redmi Note 12,41376.19,2,0.25,-20834.1
ORD-2023-01205,2022-09-02,2022-09-05,North,Consumer,Furniture,Chairs,Ergonomic Office Chair,56912.39,7,0.1,-6080.91
ORD-2023-01206,2022-10-04,2022-10-07,South,Home Office,Furniture,Storage,Wardrobe 3-Door,112995.32,5,0.15,-16381.08
ORD-2023-01207,2023-03-19,2023-03-27,North,Home Office,Furniture,Bookcases,Bookcase Classic 3-Shelf,114230.8,9,0.1,2702.44
ORD-2023-01208,2022-05-21,2022-05-28,West,Consumer,Furniture,Chairs,Guest Chair,108887.0,5,0.1,9760.49
ORD-2023-01209,2022-11-11,2022-11-16,West,Corporate,Technology,Accessories,Wireless Mouse Combo,31269.16,1,0.0,10013.8
ORD-2023-01210,2023-07-25,2023-07-27,South,Corporate,Office Supplies,Pens & Art,Sketch Pen Set 24,11774.22,7,0.05,1528.79
ORD-2023-01211,2023-05-11,2023-05-16,North,Home Office,Office Supplies,Paper,Carbon Paper,1527.61,5,0.0,174.69
ORD-2023-01212,2023-10-15,2023-10-23,West,Consumer,Furniture,Chairs,Guest Chair,34854.29,4,0.05,3532.21
ORD-2023-01213,2022-12-12,2022-12-19,East,Corporate,Technology,Phones,OnePlus Nord CE 3,107694.26,2,,7930.46
ORD-2023-01214,2023-03-26,2023-04-04,West,Home Office,Office Supplies,Labels,Color Dot Labels,8032.17,5,0.2,-1441.61
ORD-2023-01215,2023-05-14,2023-05-23,East,Consumer,Furniture,Chairs,Guest Chair,97927.45,6,,3251.25
ORD-2023-01216,2022-02-22,2022-02-28,North,Corporate,Furniture,Storage,Storage Box Set,10659.91,1,0.05,942.08
ORD-2023-01217,2023-02-21,2023-03-02,East,Consumer,Furniture,Tables,Coffee Table Glass,120886.51,8,0.05,
ORD-2023-01218,2022-06-09,2022-06-14,West,Consumer,Technology,Phones,OnePlus Nord CE 3,65235.76,8,0.2,
ORD-2023-01219,2022-12-24,2022-12-29,North,Consumer,Furniture,Storage,File Cabinet 4-Drawer,126205.54,7,0.1,-9033.87
ORD-2023-01220,2022-12-01,2022-12-09,East,Home Office,Office Supplies,Paper,Carbon Paper,1572.51,1,0.05,214.48
ORD-2023-01221,2023-06-04,2023-06-12,South,Home Office,Furniture,Chairs,Executive Leather Chair,36690.23,6,0.1,4312.01
ORD-2023-01222,2023-12-08,2023-12-15,West,Consumer,Technology,Phones,Redmi Note 12,156966.13,4,0.05,-5137.67
ORD-2023-01223,2023-01-17,2023-01-23,South,Corporate,Furniture,Storage,Storage Box Set,100157.63,9,0.05,8497.46
ORD-2023-01224,2023-04-05,2023-04-12,North,Corporate,Office Supplies,Labels,Color Dot Labels,757.12,3,0.05,48.34
ORD-2023-01225,2023-12-06,2023-12-14,South,Corporate,Furniture,Storage,Storage Box Set,32260.99,2,0.05,1954.57
ORD-2023-01226,2022-06-07,2022-06-11,South,Corporate,Technology,Phones,Redmi Note 12,355888.96,5,0.15,-14714.15
ORD-2023-01227,2022-09-02,2022-09-06,East,Consumer,Furniture,Chairs,Executive Leather Chair,13302.87,2,0.15,-2185.18
ORD-2023-01228,2022-03-08,2022-03-12,East,Home Office,Office Supplies,Binders,Premium Binder A4,1227.84,1,0.0,108.88
ORD-2023-01229,2023-06-19,2023-06-21,East,Consumer,Furniture,Bookcases,Bookcase Pro 5-Shelf,23153.86,1,,-2167.04
ORD-2023-01230,2022-09-22,2022-09-28,West,Consumer,Furniture,Storage,Storage Box Set,158433.14,7,0.0,50226.14
ORD-2023-01231,2022-08-15,2022-08-17,North,Consumer,Furniture,Tables,Dining Table Oak,36099.86,9,0.05,6562.93
ORD-2023-01232,2023-03-06,2023-03-10,South,Consumer,Office Supplies,Pens & Art,Highlighter 6-Pack,3575.85,7,0.0,374.97
ORD-2023-01233,2022-06-09,2022-06-15,East,Consumer,Office Supplies,Binders,Premium Binder A4,13086.73,7,0.0,4339.34
ORD-2023-01234,2022-03-29,2022-04-01,North,Corporate,Office Supplies,Pens & Art,Ballpoint Pen Box,6386.07,8,0.0,1903.21
ORD-2023-01235,2023-05-03,2023-05-06,North,Consumer,Office Supplies,Paper,Photo Glossy Paper,6030.31,5,0.05,1108.15
ORD-2023-01236,2022-08-19,2022-08-25,North,Consumer,Office Supplies,Binders,Economy Binder Set,3228.13,3,0.05,387.98
ORD-2023-01237,2023-08-21,2023-08-27,West,Consumer,Office Supplies,Paper,Photo Glossy Paper,3359.05,5,0.0,668.72
ORD-2023-01238,2023-11-23,2023-11-26,West,Consumer,Furniture,Bookcases,Bookcase Classic 3-Shelf,88927.67,7,0.3,-43771.68
ORD-2023-01239,2022-03-16,2022-03-19,West,Consumer,Technology,Phones,Redmi Note 12,73865.39,1,0.0,6610.96
ORD-2023-01240,2023-07-03,2023-07-10,East,Consumer,Office Supplies,Binders,Economy Binder Set,3097.98,3,0.05,153.46
ORD-2023-01241,2022-05-16,2022-05-23,South,Corporate,Office Supplies,Paper,Carbon Paper,427.0,3,0.1,-17.33
ORD-2023-01242,2023-10-02,2023-10-10,West,Corporate,Furniture,Tables,Dining Table Oak,17073.31,7,0.0,3734.64
ORD-2023-01243,2023-02-27,2023-03-07,South,Home Office,Furniture,Tables,Study Desk Compact,11496.97,5,0.0,2095.33
ORD-2023-01244,2023-07-02,2023-07-10,South,Corporate,Office Supplies,Labels,Barcode Label Set,5912.96,7,0.05,1539.4
ORD-2023-01245,2023-08-11,2023-08-17,West,Corporate,Furniture,Bookcases,Bookcase Pro 5-Shelf,101241.43,5,0.05,1390.57
ORD-2023-01246,2023-12-14,2023-12-22,West,Home Office,Office Supplies,Labels,Barcode Label Set,461.72,6,0.05,57.83
ORD-2023-01247,2022-01-08,2022-01-11,West,Consumer,Technology,Laptops,Lenovo IdeaPad Slim 5,357374.65,5,0.1,21080.2
ORD-2023-01248,2022-05-01,2022-05-04,West,Home Office,Office Supplies,Labels,Color Dot Labels,7116.68,6,0.2,-1051.13
ORD-2023-01249,2022-10-09,2022-10-13,North,Corporate,Office Supplies,Labels,Address Label Roll,5679.15,9,0.0,576.87
ORD-2023-01250,2022-03-20,2022-03-24,East,Consumer,Office Supplies,Paper,A4 Copy Paper 500-Sheet,2637.24,2,0.2,-704.47
ORD-2023-01251,2022-07-05,2022-07-12,East,Corporate,Office Supplies,Paper,Carbon Paper,17962.88,9,,3004.05
ORD-2023-01252,2022-06-29,2022-07-06,West,Home Office,Furniture,Tables,Dining Table Oak,24375.38,4,0.1,-1138.6
ORD-2023-01253,2023-01-21,2023-01-30,West,Corporate,Office Supplies,Pens & Art,Sketch Pen Set 24,613.52,1,0.0,116.59
ORD-2023-01254,2023-09-17,2023-09-22,West,Corporate,Furniture,Chairs,Guest Chair,27788.35,6,0.1,2643.24
ORD-2023-01255,2022-07-13,2022-07-20,East,Consumer,Furniture,Storage,Wardrobe 3-Door,124562.99,7,0.05,17042.52
ORD-2023-01256,2023-12-13,2023-12-16,North,Corporate,Office Supplies,Binders,Economy Binder Set,8135.04,6,0.2,-1143.73
ORD-2023-01257,2022-02-26,2022-03-05,South,Consumer,Office Supplies,Labels,Address Label Roll,1694.06,1,0.05,-40.72
ORD-2023-01258,2023-04-11,2023-04-20,East,Consumer,Office Supplies,Pens & Art,Ballpoint Pen Box,1691.98,1,0.0,541.43
ORD-2023-01259,2022-01-09,2022-01-13,West,Consumer,Technology,Phones,OnePlus Nord CE 3,243062.54,8,0.15,-56008.85
ORD-2023-01260,2023-03-22,2023-03-25,West,Home Office,Office Supplies,Paper,Carbon Paper,1945.73,7,0.05,67.96
ORD-2023-01261,2023-10-02,2023-10-09,South,Consumer,Office Supplies,Binders,Economy Binder Set,5669.75,5,0.0,520.2
ORD-2023-01262,2022-04-22,2022-04-25,East,Corporate,Office Supplies,Paper,A4 Copy Paper 500-Sheet,13113.35,7,0.0,4109.84
ORD-2023-01263,2022-03-08,2022-03-15,East,Consumer,Office Supplies,Binders,Premium Binder A4,4248.85,3,0.0,929.87
ORD-2023-01264,2023-11-12,2023-11-15,South,Consumer,Furniture,Chairs,Executive Leather Chair,50633.14,8,0.1,-3602.76
ORD-2023-01265,2023-07-08,2023-07-14,South,Home Office,Furniture,Bookcases,Bookcase Classic 3-Shelf,159423.86,7,0.15,-29269.57
ORD-2023-01266,2023-11-08,2023-11-13,East,Consumer,Furniture,Storage,Wardrobe 3-Door,30074.53,6,,4507.83
ORD-2023-01267,2022-09-06,2022-09-14,East,Corporate,Office Supplies,Paper,Carbon Paper,6249.35,9,0.05,
ORD-2023-01268,2023-07-28,2023-08-05,South,Consumer,Furniture,Bookcases,Bookcase Pro 5-Shelf,54691.9,5,0.0,13078.15
ORD-2023-01269,2022-08-20,2022-08-23,North,Consumer,Office Supplies,Pens & Art,Ballpoint Pen Box,3716.56,6,0.1,158.4
ORD-2023-01270,2022-08-05,2022-08-13,South,Corporate,Office Supplies,Binders,Premium Binder A4,6077.45,8,0.0,1794.93
ORD-2023-01271,2022-03-27,2022-04-03,North,Corporate,Office Supplies,Binders,Premium Binder A4,911.51,2,0.2,-35.01
ORD-2023-01272,2023-09-14,2023-09-21,South,Consumer,Office Supplies,Binders,Premium Binder A4,11745.77,9,0.1,194.76
ORD-2023-01273,2023-02-21,2023-02-24,South,Home Office,Technology,Phones,Samsung Galaxy A34,237399.2,4,0.2,-33797.76
ORD-2023-01274,2022-08-08,2022-08-15,North,Consumer,Furniture,Tables,Study Desk Compact,131464.36,6,0.2,-45695.72
ORD-2023-01275,2022-11-30,2022-12-05,East,Consumer,Technology,Laptops,Dell Inspiron 15,255013.49,5,0.25,-51091.39
ORD-2023-01276,2022-02-13,2022-02-17,North,Consumer,Office Supplies,Pens & Art,Ballpoint Pen Box,2455.87,9,0.1,249.11
ORD-2023-01277,2022-05-18,2022-05-22,East,Corporate,Technology,Printers,Canon Pixma G3010,453868.41,8,0.0,157303.08
ORD-2023-01278,2023-09-06,2023-09-08,West,Home Office,Technology,Printers,Epson L3252,186997.51,5,,19952.35
ORD-2023-01279,2022-04-22,2022-04-27,East,Consumer,Furniture,Tables,Coffee Table Glass,75954.39,8,0.0,10062.41
ORD-2023-01280,2023-03-04,2023-03-11,North,Consumer,Office Supplies,Pens & Art,Ballpoint Pen Box,1721.42,2,0.05,271.04
ORD-2023-01281,2022-05-13,2022-05-15,East,Consumer,Furniture,Chairs,Executive Leather Chair,91662.0,9,0.0,14784.49
ORD-2023-01282,2023-02-13,2023-02-22,West,Home Office,Office Supplies,Labels,Barcode Label Set,1256.9,1,0.05,-3.84
ORD-2023-01283,2023-12-16,2023-12-25,East,Corporate,Technology,Phones,Redmi Note 12,473254.02,6,0.1,
ORD-2023-01284,2022-03-17,2022-03-26,North,Consumer,Furniture,Tables,Coffee Table Glass,94416.82,6,0.05,10698.52
ORD-2023-01285,2023-10-26,2023-10-28,West,Consumer,Furniture,Tables,Study Desk Compact,19308.44,8,0.0,1546.29
ORD-2023-01286,2022-02-03,2022-02-08,South,Consumer,Office Supplies,Paper,Photo Glossy Paper,4639.91,3,0.0,
ORD-2023-01287,2022-08-20,2022-08-25,East,Consumer,Technology,Printers,Epson L3252,435087.03,9,0.15,14282.32
ORD-2023-01288,2022-04-21,2022-04-30,East,Consumer,Office Supplies,Pens & Art,Ballpoint Pen Box,1513.71,9,0.05,309.55
ORD-2023-01289,2023-05-09,2023-05-11,West,Home Office,Office Supplies,Labels,Color Dot Labels,5345.94,3,0.1,27.59
ORD-2023-01290,2022-01-11,2022-01-16,East,Consumer,Office Supplies,Labels,Barcode Label Set,10880.15,7,0.2,-1707.5
ORD-2023-01291,2022-05-30,2022-06-06,West,Home Office,Furniture,Storage,Storage Box Set,70724.76,7,0.05,4928.41
ORD-2023-01292,2022-09-15,2022-09-23,North,Home Office,Technology,Phones,Samsung Galaxy A34,148439.02,3,0.25,-52249.9
ORD-2023-01293,2022-09-19,2022-09-26,East,Corporate,Furniture,Tables,Study Desk Compact,73141.6,9,,-12286.9
ORD-2023-01294,2023-03-23,2023-03-26,South,Corporate,Technology,Laptops,Lenovo IdeaPad Slim 5,625906.08,9,0.2,-147414.41
ORD-2023-01295,2023-07-05,2023-07-12,North,Home Office,Office Supplies,Paper,A4 Copy Paper 500-Sheet,1494.75,5,0.2,-551.04
ORD-2023-01296,2023-06-09,2023-06-17,East,Consumer,Furniture,Bookcases,Bookcase Pro 5-Shelf,54561.41,3,0.0,6970.39
ORD-2023-01297,2023-01-11,2023-01-19,North,Consumer,Furniture,Bookcases,Bookcase Pro 5-Shelf,199088.36,8,0.2,-67806.74
ORD-2023-01298,2023-05-31,2023-06-07,West,Consumer,Office Supplies,Binders,Economy Binder Set,10914.72,6,0.0,3320.01
ORD-2023-01299,2023-03-12,2023-03-15,South,Consumer,Office Supplies,Labels,Address Label Roll,3091.64,3,0.1,-364.62
ORD-2023-01300,2022-08-26,2022-08-28,West,Consumer,Furniture,Chairs,Executive Leather Chair,93000.05,5,0.05,11116.95
ORD-2023-01301,2023-06-14,2023-06-19,East,Consumer,Office Supplies,Binders,Premium Binder A4,1270.25,1,0.2,-132.3
ORD-2023-01302,2022-08-11,2022-08-18,South,Consumer,Furniture,Tables,Study Desk Compact,165147.85,8,0.2,-46714.45
ORD-2023-01303,2022-12-23,2022-12-29,North,Consumer,Technology,Accessories,Wireless Mouse Combo,284633.61,4,0.0,51276.55
ORD-2023-01304,2023-01-06,2023-01-11,South,Home Office,Furniture,Bookcases,Bookcase Pro 5-Shelf,41130.57,6,0.0,8748.58
ORD-2023-01305,2023-01-31,2023-02-06,North,Consumer,Furniture,Tables,Coffee Table Glass,34115.61,6,,-12561.28
ORD-2023-01306,2022-09-10,2022-09-16,South,Consumer,Technology,Phones,OnePlus Nord CE 3,424817.93,6,0.0,114359.97
ORD-2023-01307,2022-04-26,2022-05-03,North,Corporate,Furniture,Chairs,Ergonomic Office Chair,31930.08,5,0.15,-3582.11
ORD-2023-01308,2023-02-02,2023-02-11,East,Consumer,Office Supplies,Paper,Photo Glossy Paper,8166.95,7,0.2,-1787.83
ORD-2023-01309,2023-12-19,2023-12-25,West,Consumer,Furniture,Chairs,Guest Chair,50702.2,6,0.1,-3034.13
ORD-2023-01310,2023-07-27,2023-07-29,East,Corporate,Technology,Accessories,USB Hub 7-Port,64387.33,7,0.1,471.94
ORD-2023-01311,2022-08-23,2022-08-27,North,Consumer,Furniture,Chairs,Guest Chair,77032.6,7,0.15,2340.66
ORD-2023-01312,2022-08-19,2022-08-22,North,Corporate,Office Supplies,Labels,Barcode Label Set,3759.62,5,0.0,876.28
ORD-2023-01313,2022-02-07,2022-02-09,East,Home Office,Technology,Phones,Samsung Galaxy A34,7941.39,3,0.0,2394.61
ORD-2023-01314,2022-01-26,2022-01-29,South,Home Office,Office Supplies,Paper,Carbon Paper,892.83,2,0.0,209.29
ORD-2023-01315,2022-06-21,2022-06-27,North,Home Office,Furniture,Chairs,Ergonomic Office Chair,11052.5,5,0.0,3840.7
ORD-2023-01316,2022-10-12,2022-10-15,West,Corporate,Office Supplies,Labels,Barcode Label Set,8850.01,8,0.05,630.77
ORD-2023-01317,2022-04-13,2022-04-18,East,Consumer,Furniture,Tables,Dining Table Oak,19574.12,1,0.1,-1590.2
ORD-2023-01318,2022-02-24,2022-02-28,South,Home Office,Technology,Phones,Samsung Galaxy A34,297529.67,4,0.05,66255.4
ORD-2023-01319,2023-11-23,2023-12-02,East,Consumer,Office Supplies,Binders,Economy Binder Set,1821.62,1,0.2,14.5
ORD-2023-01320,2022-12-17,2022-12-21,South,Corporate,Office Supplies,Labels,Address Label Roll,2793.37,3,0.2,-340.66
ORD-2023-01321,2023-09-25,2023-10-04,South,Consumer,Technology,Laptops,Lenovo IdeaPad Slim 5,273633.9,6,0.05,22315.58
ORD-2023-01322,2023-07-22,2023-07-24,South,Consumer,Office Supplies,Labels,Color Dot Labels,11623.29,9,0.1,353.64
ORD-2023-01323,2022-12-24,2022-12-27,West,Home Office,Office Supplies,Pens & Art,Highlighter 6-Pack,7897.52,4,0.05,
ORD-2023-01324,2022-02-21,2022-02-27,North,Corporate,Furniture,Chairs,Guest Chair,146873.61,9,0.0,36651.3
ORD-2023-01325,2022-01-01,2022-01-06,North,Consumer,Furniture,Tables,Dining Table Oak,49577.77,7,0.1,2740.14
ORD-2023-01326,2023-05-09,2023-05-11,East,Home Office,Office Supplies,Paper,Carbon Paper,5485.97,8,0.1,406.38
ORD-2023-01327,2022-07-28,2022-07-30,South,Consumer,Furniture,Bookcases,Bookcase Classic 3-Shelf,12873.69,2,0.2,-1829.09
ORD-2023-01328,2023-04-13,2023-04-20,North,Corporate,Furniture,Chairs,Executive Leather Chair,46326.79,4,0.1,-848.02
ORD-2023-01329,2022-08-02,2022-08-09,South,Consumer,Office Supplies,Binders,Premium Binder A4,5007.22,6,0.05,-77.51
ORD-2023-01330,2023-12-24,2023-12-28,South,Home Office,Technology,Printers,Epson L3252,48580.86,1,0.1,-8947.29
ORD-2023-01331,2022-11-08,2022-11-17,West,Corporate,Office Supplies,Paper,Photo Glossy Paper,422.65,2,0.05,43.67
ORD-2023-01332,2023-08-04,2023-08-11,North,Consumer,Office Supplies,Binders,Economy Binder Set,3201.77,2,0.1,
ORD-2023-01333,2023-06-28,2023-06-30,North,Corporate,Furniture,Storage,Wardrobe 3-Door,149178.22,9,0.1,-10958.46
ORD-2023-01334,2023-05-17,2023-05-20,North,Consumer,Office Supplies,Binders,Premium Binder A4,12108.72,7,0.05,1893.68
ORD-2023-01335,2022-05-01,2022-05-04,North,Corporate,Technology,Laptops,Dell Inspiron 15,94302.73,4,0.3,-60184.28
ORD-2023-01336,2023-11-05,2023-11-09,East,Consumer,Office Supplies,Labels,Address Label Roll,11000.4,9,0.1,52.3
ORD-2023-01337,2023-12-20,2023-12-29,South,Consumer,Furniture,Chairs,Ergonomic Office Chair,65235.46,7,0.1,-10549.47
ORD-2023-01338,2022-11-28,2022-12-07,South,Home Office,Technology,Laptops,Lenovo IdeaPad Slim 5,17069.51,2,0.2,-5942.39
ORD-2023-01339,2022-12-19,2022-12-23,North,Corporate,Office Supplies,Labels,Address Label Roll,3469.26,5,0.0,635.58
ORD-2023-01340,2023-07-07,2023-07-13,North,Consumer,Office Supplies,Paper,A4 Copy Paper 500-Sheet,5283.27,5,0.0,1381.65
ORD-2023-01341,2022-01-15,2022-01-18,South,Corporate,Office Supplies,Binders,Premium Binder A4,1447.56,5,0.2,-325.58
ORD-2023-01342,2023-06-18,2023-06-24,South,Corporate,Furniture,Tables,Study Desk Compact,19043.63,3,,-1538.08
ORD-2023-01343,2022-09-24,2022-09-30,East,Corporate,Office Supplies,Binders,Presentation Binder,5882.81,4,0.0,859.93
ORD-2023-01344,2022-10-29,2022-11-02,North,Corporate,Office Supplies,Binders,Premium Binder A4,14192.83,9,0.05,1117.21
ORD-2023-01345,2022-03-01,2022-03-08,North,Corporate,Furniture,Tables,Coffee Table Glass,76569.7,9,0.0,9516.53
ORD-2023-01346,2023-04-26,2023-04-29,East,Consumer,Office Supplies,Binders,Presentation Binder,1365.85,1,,-63.06
ORD-2023-01347,2022-12-30,2023-01-06,West,Consumer,Technology,Printers,Epson L3252,196388.05,3,0.15,4818.83
ORD-2023-01348,2023-03-27,2023-03-29,South,Consumer,Office Supplies,Paper,Photo Glossy Paper,4388.45,3,0.0,1225.24
ORD-2023-01349,2022-10-06,2022-10-12,East,Consumer,Technology,Printers,Epson L3252,76380.18,9,0.1,-9395.81
ORD-2023-01350,2022-03-16,2022-03-23,East,Consumer,Office Supplies,Binders,Presentation Binder,7411.06,4,,1069.96
ORD-2023-01351,2023-01-19,2023-01-23,East,Corporate,Furniture,Chairs,Executive Leather Chair,3232.97,1,0.15,-396.2
ORD-2023-01352,2022-02-13,2022-02-22,East,Consumer,Furniture,Tables,Coffee Table Glass,63855.07,4,,16514.56
ORD-2023-01353,2023-08-18,2023-08-26,West,Consumer,Furniture,Tables,Coffee Table Glass,76677.06,9,0.05,14912.34
ORD-2023-01354,2022-08-28,2022-09-05,South,Home Office,Furniture,Bookcases,Bookcase Pro 5-Shelf,91395.57,5,0.05,11747.57
ORD-2023-01355,2022-04-06,2022-04-09,South,Consumer,Technology,Laptops,HP Pavilion 14,589270.65,8,0.0,163712.02
ORD-2023-01356,2022-02-10,2022-02-18,North,Consumer,Furniture,Bookcases,Bookcase Pro 5-Shelf,11757.86,7,0.1,-149.16
ORD-2023-01357,2023-03-19,2023-03-26,North,Consumer,Furniture,Chairs,Guest Chair,16172.7,1,0.3,-8128.78
ORD-2023-01358,2022-08-25,2022-08-29,East,Home Office,Furniture,Bookcases,Bookcase Pro 5-Shelf,127418.03,7,0.3,-62669.35
ORD-2023-01359,2023-04-04,2023-04-07,South,Corporate,Furniture,Bookcases,Bookcase Pro 5-Shelf,131969.93,9,0.05,14131.95
ORD-2023-01360,2023-02-13,2023-02-21,East,Consumer,Furniture,Tables,Study Desk Compact,121157.84,8,0.1,-7073.56
ORD-2023-01361,2023-06-26,2023-07-04,North,Consumer,Technology,Printers,Canon Pixma G3010,12097.36,1,0.2,-318.07
ORD-2023-01362,2022-12-03,2022-12-07,West,Corporate,Technology,Printers,HP LaserJet Pro,3214.27,1,0.0,1013.35
ORD-2023-01363,2022-02-12,2022-02-14,South,Corporate,Furniture,Tables,Coffee Table Glass,43583.31,2,,10872.23
ORD-2023-01364,2023-09-22,2023-09-27,East,Consumer,Furniture,Chairs,Ergonomic Office Chair,109513.12,7,0.0,36274.01
ORD-2023-01365,2022-10-01,2022-10-06,North,Consumer,Furniture,Tables,Study Desk Compact,73475.86,4,0.1,-5231.08
ORD-2023-01366,2023-02-10,2023-02-17,East,Home Office,Office Supplies,Paper,A4 Copy Paper 500-Sheet,1424.85,9,0.1,-267.2
ORD-2023-01367,2022-08-14,2022-08-23,South,Consumer,Office Supplies,Labels,Color Dot Labels,3672.99,2,0.0,524.38
ORD-2023-01368,2023-10-24,2023-10-29,South,Home Office,Office Supplies,Binders,Presentation Binder,8079.44,5,0.05,441.32
ORD-2023-01369,2022-04-19,2022-04-23,South,Consumer,Furniture,Storage,File Cabinet 4-Drawer,22031.64,2,0.0,2211.25
ORD-2023-01370,2023-05-05,2023-05-10,West,Home Office,Technology,Phones,OnePlus Nord CE 3,295622.85,6,0.0,74242.81
ORD-2023-01371,2023-09-13,2023-09-17,South,Corporate,Furniture,Storage,Storage Box Set,67222.22,5,0.0,9746.21
ORD-2023-01372,2023-07-25,2023-07-30,East,Consumer,Furniture,Storage,Storage Box Set,69429.53,7,0.2,-17471.27
ORD-2023-01373,2022-11-23,2022-11-26,South,Consumer,Office Supplies,Paper,Photo Glossy Paper,10079.71,9,0.05,-84.25
ORD-2023-01374,2023-06-26,2023-07-02,North,Home Office,Furniture,Tables,Coffee Table Glass,116222.32,9,0.0,24638.72
ORD-2023-01375,2022-09-16,2022-09-20,East,Corporate,Technology,Printers,HP LaserJet Pro,364541.63,6,0.1,-1029.14
ORD-2023-01376,2022-11-01,2022-11-08,North,Corporate,Technology,Printers,Canon Pixma G3010,82541.89,2,0.0,8981.63
ORD-2023-01377,2023-07-28,2023-08-01,West,Consumer,Office Supplies,Binders,Presentation Binder,1627.49,7,0.1,-323.54
ORD-2023-01378,2022-12-01,2022-12-08,North,Home Office,Technology,Laptops,HP Pavilion 14,30576.12,1,0.25,-9235.38
ORD-2023-01379,2023-01-12,2023-01-16,North,Corporate,Technology,Laptops,HP Pavilion 14,219966.83,7,0.25,-54285.17
ORD-2023-01380,2023-07-21,2023-07-29,East,Consumer,Furniture,Tables,Study Desk Compact,26529.11,2,0.0,3750.46
ORD-2023-01381,2022-08-19,2022-08-23,East,Corporate,Office Supplies,Pens & Art,Ballpoint Pen Box,2651.96,2,0.0,782.51
ORD-2023-01382,2022-01-17,2022-01-22,East,Corporate,Office Supplies,Paper,A4 Copy Paper 500-Sheet,13117.97,7,0.0,2640.04
ORD-2023-01383,2023-02-10,2023-02-16,South,Consumer,Furniture,Bookcases,Bookcase Classic 3-Shelf,101427.94,7,0.2,-9696.57
ORD-2023-01384,2023-10-02,2023-10-10,East,Consumer,Furniture,Tables,Study Desk Compact,129436.46,7,0.05,3887.46
ORD-2023-01385,2022-05-11,2022-05-18,East,Corporate,Furniture,Storage,Storage Box Set,32096.87,7,0.0,10155.63
ORD-2023-01386,2023-08-03,2023-08-10,South,Home Office,Office Supplies,Binders,Premium Binder A4,3763.18,3,0.2,-1076.68
ORD-2023-01387,2022-11-02,2022-11-11,South,Consumer,Furniture,Chairs,Guest Chair,109951.46,7,0.1,2244.79
ORD-2023-01388,2023-07-26,2023-08-04,North,Consumer,Office Supplies,Pens & Art,Highlighter 6-Pack,1874.53,3,0.2,-693.74
ORD-2023-01389,2022-09-27,2022-10-01,South,Home Office,Technology,Printers,Canon Pixma G3010,136355.74,2,0.05,1937.14
ORD-2023-01390,2023-12-12,2023-12-14,South,Consumer,Office Supplies,Binders,Premium Binder A4,15340.82,8,0.05,1624.39
ORD-2023-01391,2023-07-21,2023-07-29,North,Consumer,Office Supplies,Paper,A4 Copy Paper 500-Sheet,3737.97,2,0.1,288.32
ORD-2023-01392,2023-08-09,2023-08-17,South,Corporate,Furniture,Storage,Wardrobe 3-Door,39944.32,4,0.15,-3182.69
ORD-2023-01393,2022-06-30,2022-07-05,East,Consumer,Furniture,Storage,Storage Box Set,79788.22,7,0.15,4480.99
ORD-2023-01394,2023-04-04,2023-04-10,East,Corporate,Office Supplies,Pens & Art,Sketch Pen Set 24,2266.12,5,0.0,334.93
ORD-2023-01395,2022-01-30,2022-02-06,East,Consumer,Office Supplies,Binders,Economy Binder Set,93.77,1,0.0,22.44
ORD-2023-01396,2022-07-21,2022-07-25,North,Consumer,Office Supplies,Binders,Premium Binder A4,10246.39,6,0.05,502.68
ORD-2023-01397,2022-05-13,2022-05-18,South,Corporate,Office Supplies,Labels,Address Label Roll,17033.15,9,0.05,3134.06
ORD-2023-01398,2023-04-30,2023-05-06,North,Consumer,Technology,Accessories,Laptop Cooling Pad,42920.25,1,0.2,-11777.52
ORD-2023-01399,2023-09-24,2023-09-30,East,Consumer,Office Supplies,Labels,Color Dot Labels,377.05,3,0.0,30.79
ORD-2023-01400,2023-11-14,2023-11-16,East,Corporate,Furniture,Chairs,Guest Chair,10320.95,3,0.0,1293.36
ORD-2023-01401,2022-05-15,2022-05-19,South,Corporate,Office Supplies,Labels,Color Dot Labels,2424.03,5,,-319.74
ORD-2023-01402,2023-12-02,2023-12-08,East,Consumer,Office Supplies,Pens & Art,Sketch Pen Set 24,7268.52,8,0.0,1178.62
ORD-2023-01403,2022-01-22,2022-01-26,South,Consumer,Technology,Laptops,Lenovo IdeaPad Slim 5,150708.99,8,0.0,14890.81
ORD-2023-01404,2022-07-29,2022-08-05,East,Consumer,Furniture,Tables,Coffee Table Glass,145871.38,6,0.05,10072.59
ORD-2023-01405,2022-11-29,2022-12-08,East,Home Office,Office Supplies,Binders,Presentation Binder,1554.43,2,0.05,100.57
ORD-2023-01406,2023-10-10,2023-10-12,West,Consumer,Furniture,Tables,Dining Table Oak,9135.88,1,0.0,985.43
ORD-2023-01407,2023-04-24,2023-04-27,East,Consumer,Office Supplies,Binders,Premium Binder A4,5751.62,3,0.1,190.58
ORD-2023-01408,2022-07-28,2022-08-02,North,Home Office,Technology,Accessories,Laptop Cooling Pad,22587.83,2,0.25,-11027.27
ORD-2023-01409,2022-11-18,2022-11-27,West,Corporate,Furniture,Tables,Coffee Table Glass,5462.25,2,0.1,108.76
ORD-2023-01410,2023-12-27,2024-01-04,East,Home Office,Office Supplies,Paper,A4 Copy Paper 500-Sheet,4074.92,9,0.0,1094.63
ORD-2023-01411,2023-05-18,2023-05-26,South,Corporate,Furniture,Storage,Wardrobe 3-Door,86148.12,6,0.0,25729.69
ORD-2023-01412,2022-03-09,2022-03-14,East,Corporate,Office Supplies,Binders,Presentation Binder,1860.23,3,0.05,137.15
ORD-2023-01413,2023-10-04,2023-10-12,North,Consumer,Office Supplies,Labels,Color Dot Labels,2002.32,7,0.0,371.97
ORD-2023-01414,2023-07-20,2023-07-27,East,Home Office,Furniture,Storage,Storage Box Set,91569.11,8,0.0,21196.71
ORD-2023-01415,2022-12-18,2022-12-21,East,Consumer,Technology,Laptops,Dell Inspiron 15,35052.42,1,0.15,-10647.14
ORD-2023-01416,2022-02-07,2022-02-09,South,Consumer,Office Supplies,Paper,Carbon Paper,2086.67,2,0.05,453.41
ORD-2023-01417,2023-07-25,2023-07-29,East,Consumer,Furniture,Storage,Storage Box Set,189168.41,8,0.1,6431.15
ORD-2023-01418,2023-10-18,2023-10-27,North,Corporate,Technology,Accessories,Wireless Mouse Combo,20274.3,1,0.0,5423.05
ORD-2023-01419,2023-05-25,2023-05-27,South,Consumer,Office Supplies,Binders,Economy Binder Set,10187.23,7,0.0,1896.43
ORD-2023-01420,2022-01-11,2022-01-13,North,Consumer,Office Supplies,Binders,Economy Binder Set,2114.03,5,0.1,212.28
ORD-2023-01421,2023-04-19,2023-04-21,West,Corporate,Furniture,Chairs,Executive Leather Chair,40943.98,2,0.1,-4618.55
ORD-2023-01422,2023-03-30,2023-04-01,South,Consumer,Office Supplies,Binders,Presentation Binder,6424.22,4,0.0,1525.38
ORD-2023-01423,2022-08-31,2022-09-06,South,Corporate,Furniture,Bookcases,Bookcase Pro 5-Shelf,35570.54,8,0.15,-10635.92
ORD-2023-01424,2022-03-04,2022-03-06,North,Consumer,Office Supplies,Labels,Barcode Label Set,5845.91,8,0.0,1919.64
ORD-2023-01425,2022-07-08,2022-07-17,East,Corporate,Technology,Laptops,HP Pavilion 14,176022.61,3,0.05,33560.2
ORD-2023-01426,2023-07-05,2023-07-08,North,Home Office,Technology,Accessories,Laptop Cooling Pad,258618.78,4,0.2,-75222.84
ORD-2023-01427,2023-10-14,2023-10-16,South,Corporate,Furniture,Storage,Wardrobe 3-Door,64642.49,6,0.0,12458.1
ORD-2023-01428,2022-12-07,2022-12-09,South,Consumer,Furniture,Chairs,Executive Leather Chair,18404.24,3,0.0,4500.84
ORD-2023-01429,2023-05-09,2023-05-17,North,Corporate,Furniture,Storage,Storage Box Set,34410.85,9,0.05,1332.16
ORD-2023-01430,2023-02-03,2023-02-08,South,Home Office,Furniture,Bookcases,Bookcase Pro 5-Shelf,23249.73,2,0.2,665.41
ORD-2023-01431,2023-05-25,2023-05-30,North,Consumer,Office Supplies,Pens & Art,Ballpoint Pen Box,2576.16,2,0.1,96.89
ORD-2023-01432,2023-02-27,2023-03-06,East,Corporate,Office Supplies,Labels,Address Label Roll,646.1,2,0.05,74.46
ORD-2023-01433,2022-05-21,2022-05-25,West,Home Office,Office Supplies,Labels,Barcode Label Set,1698.92,2,0.05,224.61
ORD-2023-01434,2023-03-10,2023-03-12,East,Consumer,Office Supplies,Binders,Premium Binder A4,1304.38,1,0.05,312.95
ORD-2023-01435,2022-03-01,2022-03-07,North,Consumer,Office Supplies,Labels,Address Label Roll,8653.13,6,0.1,
ORD-2023-01436,2022-05-14,2022-05-17,East,Consumer,Technology,Printers,Epson L3252,64968.55,5,0.15,-6686.86
ORD-2023-01437,2023-03-12,2023-03-21,West,Corporate,Furniture,Tables,Study Desk Compact,176691.81,9,0.3,-96687.6
ORD-2023-01438,2023-04-07,2023-04-10,North,Consumer,Furniture,Chairs,Guest Chair,50093.1,8,0.2,-15741.86
ORD-2023-01439,2022-05-15,2022-05-19,West,Home Office,Technology,Phones,Samsung Galaxy A34,431266.27,9,0.2,-105207.07
ORD-2023-01440,2022-01-25,2022-02-03,North,Corporate,Office Supplies,Paper,A4 Copy Paper 500-Sheet,1763.49,9,0.05,-17.43
ORD-2023-01441,2022-02-14,2022-02-17,East,Consumer,Office Supplies,Paper,Photo Glossy Paper,1049.11,4,0.2,-102.84
ORD-2023-01442,2022-04-18,2022-04-23,East,Consumer,Office Supplies,Binders,Presentation Binder,7399.18,6,0.0,1495.31
ORD-2023-01443,2023-12-23,2023-12-27,North,Consumer,Office Supplies,Labels,Barcode Label Set,9593.41,5,0.1,-1202.83
ORD-2023-01444,2023-09-16,2023-09-18,East,Home Office,Technology,Phones,OnePlus Nord CE 3,50970.61,9,0.25,-16846.61
ORD-2023-01445,2022-11-17,2022-11-20,East,Home Office,Furniture,Storage,File Cabinet 4-Drawer,37950.65,9,0.1,1958.91
ORD-2023-01446,2023-05-11,2023-05-16,East,Consumer,Technology,Laptops,HP Pavilion 14,122863.91,3,,-43139.37
ORD-2023-01447,2023-09-07,2023-09-09,East,Corporate,Technology,Laptops,Dell Inspiron 15,34744.91,6,0.15,-5855.97
ORD-2023-01448,2022-09-23,2022-09-30,East,Home Office,Office Supplies,Labels,Color Dot Labels,9485.39,8,0.0,
ORD-2023-01449,2022-05-02,2022-05-09,South,Home Office,Furniture,Bookcases,Bookcase Pro 5-Shelf,123337.95,8,0.05,21680.62
ORD-2023-01450,2022-04-02,2022-04-09,North,Consumer,Office Supplies,Binders,Premium Binder A4,6089.92,5,0.05,431.61
ORD-2023-01451,2022-02-05,2022-02-10,South,Consumer,Office Supplies,Labels,Barcode Label Set,2559.54,6,0.2,-616.82
ORD-2023-01452,2023-03-04,2023-03-09,West,Corporate,Technology,Laptops,HP Pavilion 14,70888.36,7,0.05,1778.66
ORD-2023-01453,2023-06-09,2023-06-13,South,Consumer,Office Supplies,Labels,Color Dot Labels,716.22,8,0.1,-2.19
ORD-2023-01454,2022-10-30,2022-11-04,West,Corporate,Office Supplies,Pens & Art,Sketch Pen Set 24,10634.66,9,0.05,266.16
ORD-2023-01455,2023-03-12,2023-03-19,East,Home Office,Technology,Accessories,Wireless Mouse Combo,115153.09,7,0.3,-67773.3
ORD-2023-01456,2023-12-16,2023-12-25,East,Home Office,Furniture,Chairs,Executive Leather Chair,47917.04,2,0.0,7513.08
ORD-2023-01457,2022-02-18,2022-02-27,West,Corporate,Office Supplies,Pens & Art,Ballpoint Pen Box,927.3,1,0.0,202.77
ORD-2023-01458,2022-08-03,2022-08-07,East,Consumer,Furniture,Storage,File Cabinet 4-Drawer,64952.38,7,0.0,5370.75
ORD-2023-01459,2023-02-26,2023-03-07,North,Corporate,Office Supplies,Pens & Art,Ballpoint Pen Box,1625.06,2,0.1,-122.71
ORD-2023-01460,2023-01-28,2023-02-06,West,Consumer,Office Supplies,Pens & Art,Sketch Pen Set 24,9765.13,6,0.05,103.86
ORD-2023-01461,2023-07-13,2023-07-21,North,Consumer,Furniture,Bookcases,Bookcase Classic 3-Shelf,52519.54,3,0.1,-3211.2
ORD-2023-01462,2023-10-04,2023-10-06,North,Consumer,Furniture,Tables,Study Desk Compact,9129.19,9,0.15,-1270.05
ORD-2023-01463,2022-09-07,2022-09-16,South,Corporate,Technology,Accessories,USB Hub 7-Port,431885.48,7,0.1,33112.31
ORD-2023-01464,2022-06-06,2022-06-09,East,Consumer,Technology,Accessories,USB Hub 7-Port,19694.83,8,0.1,-810.97
ORD-2023-01465,2023-08-21,2023-08-29,North,Home Office,Furniture,Bookcases,Bookcase Classic 3-Shelf,22673.37,4,0.15,1831.76
ORD-2023-01466,2023-12-22,2023-12-24,East,Corporate,Office Supplies,Pens & Art,Ballpoint Pen Box,9192.59,7,0.0,2770.0
ORD-2023-01467,2022-08-31,2022-09-02,East,Corporate,Technology,Printers,Canon Pixma G3010,45429.46,5,0.15,-6391.15
ORD-2023-01468,2022-01-13,2022-01-17,North,Consumer,Technology,Phones,Samsung Galaxy A34,24639.49,4,0.1,-3041.77
ORD-2023-01469,2023-08-22,2023-08-25,North,Consumer,Furniture,Storage,File Cabinet 4-Drawer,12548.46,1,0.0,4233.81
ORD-2023-01470,2023-09-19,2023-09-27,North,Corporate,Office Supplies,Binders,Presentation Binder,7714.49,7,0.1,250.05
ORD-2023-01471,2023-06-21,2023-06-26,East,Corporate,Office Supplies,Pens & Art,Highlighter 6-Pack,7158.88,5,0.1,-1051.21
ORD-2023-01472,2023-04-16,2023-04-24,East,Consumer,Office Supplies,Pens & Art,Sketch Pen Set 24,8357.53,8,0.2,
ORD-2023-01473,2022-10-24,2022-10-27,South,Home Office,Office Supplies,Pens & Art,Sketch Pen Set 24,3289.8,3,0.0,1139.96
ORD-2023-01474,2022-10-08,2022-10-12,North,Consumer,Furniture,Chairs,Ergonomic Office Chair,87144.33,5,0.1,4443.52
ORD-2023-01475,2022-08-20,2022-08-22,South,Consumer,Office Supplies,Labels,Barcode Label Set,9919.57,7,0.05,2076.91
ORD-2023-01476,2022-07-09,2022-07-12,East,Home Office,Technology,Accessories,USB Hub 7-Port,87500.57,7,0.2,-33668.36
ORD-2023-01477,2022-04-03,2022-04-12,South,Corporate,Office Supplies,Pens & Art,Ballpoint Pen Box,1436.98,3,0.1,130.61
ORD-2023-01478,2022-07-12,2022-07-18,East,Consumer,Office Supplies,Pens & Art,Sketch Pen Set 24,1568.34,9,0.0,149.4
ORD-2023-01479,2023-08-30,2023-09-07,West,Consumer,Furniture,Tables,Study Desk Compact,80005.5,8,0.05,17933.61
ORD-2023-01480,2023-10-15,2023-10-20,South,Home Office,Office Supplies,Binders,Premium Binder A4,3208.17,5,0.0,872.63
ORD-2023-01481,2022-05-26,2022-05-31,South,Consumer,Office Supplies,Binders,Presentation Binder,2526.63,7,0.0,556.76
ORD-2023-01482,2022-09-19,2022-09-27,West,Home Office,Office Supplies,Binders,Economy Binder Set,15572.99,8,0.0,2009.6
ORD-2023-01483,2023-02-08,2023-02-14,East,Consumer,Office Supplies,Pens & Art,Highlighter 6-Pack,899.84,1,0.0,300.97
ORD-2023-01484,2022-06-23,2022-07-02,North,Consumer,Technology,Phones,Samsung Galaxy A34,521460.68,9,0.05,70826.84
ORD-2023-01485,2023-05-01,2023-05-09,West,Corporate,Furniture,Bookcases,Bookcase Pro 5-Shelf,24710.23,3,0.1,783.4
ORD-2023-01486,2022-04-07,2022-04-15,West,Corporate,Office Supplies,Labels,Color Dot Labels,2605.18,8,0.05,328.44
ORD-2023-01487,2022-11-25,2022-12-04,East,Corporate,Furniture,Bookcases,Bookcase Classic 3-Shelf,11737.99,6,0.3,-3652.68
ORD-2023-01488,2023-07-05,2023-07-11,South,Consumer,Office Supplies,Binders,Premium Binder A4,7725.4,8,0.0,2642.47
ORD-2023-01489,2023-05-21,2023-05-28,West,Corporate,Furniture,Tables,Dining Table Oak,84564.28,9,0.05,8044.53
ORD-2023-01490,2022-11-24,2022-11-26,North,Consumer,Furniture,Chairs,Executive Leather Chair,20528.81,7,0.05,3399.94
ORD-2023-01491,2023-06-23,2023-06-29,East,Home Office,Technology,Accessories,Wireless Mouse Combo,472096.26,6,0.0,46232.54
ORD-2023-01492,2022-06-11,2022-06-16,West,Consumer,Office Supplies,Pens & Art,Highlighter 6-Pack,11139.96,6,0.0,1085.17
ORD-2023-01493,2022-11-20,2022-11-28,East,Consumer,Office Supplies,Pens & Art,Highlighter 6-Pack,3463.51,2,0.1,-234.82
ORD-2023-01494,2023-08-30,2023-09-05,South,Corporate,Furniture,Storage,Storage Box Set,34490.82,8,0.1,-689.62
ORD-2023-01495,2023-07-01,2023-07-05,North,Home Office,Office Supplies,Paper,Photo Glossy Paper,2260.06,4,0.1,162.76
ORD-2023-01496,2023-10-24,2023-10-28,North,Corporate,Technology,Phones,Samsung Galaxy A34,298523.39,8,0.2,-1726.08
ORD-2023-01497,2023-02-22,2023-03-01,South,Consumer,Office Supplies,Paper,A4 Copy Paper 500-Sheet,9832.45,9,,-556.93
ORD-2023-01498,2022-11-02,2022-11-11,South,Consumer,Technology,Phones,OnePlus Nord CE 3,547941.12,9,0.05,31487.68
ORD-2023-01499,2023-04-17,2023-04-21,West,Corporate,Furniture,Chairs,Ergonomic Office Chair,176291.1,9,0.05,6676.36
ORD-2023-01500,2022-02-08,2022-02-11,South,Consumer,Office Supplies,Binders,Presentation Binder,1546.83,1,0.1,-5.02
ORD-2023-01501,2023-07-06,2023-07-09,North,Corporate,Furniture,Chairs,Executive Leather Chair,47640.15,3,0.1,-1774.31
ORD-2023-01502,2023-06-13,2023-06-15,East,Consumer,Furniture,Bookcases,Bookcase Classic 3-Shelf,162331.19,9,0.0,40850.56
ORD-2023-01503,2023-01-22,2023-01-30,West,Consumer,Furniture,Bookcases,Bookcase Pro 5-Shelf,3911.32,5,0.0,910.13
ORD-2023-01504,2023-11-16,2023-11-20,East,Corporate,Office Supplies,Paper,A4 Copy Paper 500-Sheet,5481.63,5,0.0,822.2
ORD-2023-01505,2022-12-20,2022-12-27,South,Corporate,Office Supplies,Pens & Art,Ballpoint Pen Box,3449.08,3,0.0,352.63
ORD-2023-01506,2023-12-30,2024-01-04,South,Corporate,Technology,Phones,OnePlus Nord CE 3,333078.69,5,,-85407.91
ORD-2023-01507,2023-01-02,2023-01-11,South,Consumer,Office Supplies,Paper,A4 Copy Paper 500-Sheet,6363.1,9,0.05,856.83
ORD-2023-01508,2023-07-23,2023-07-29,South,Consumer,Technology,Printers,Canon Pixma G3010,103887.58,8,0.3,-49804.07
ORD-2023-01509,2023-04-14,2023-04-19,South,Consumer,Furniture,Storage,File Cabinet 4-Drawer,14207.48,7,0.0,3673.55
ORD-2023-01510,2023-06-16,2023-06-21,South,Consumer,Technology,Accessories,Wireless Mouse Combo,229068.6,5,0.0,50329.97
ORD-2023-01511,2022-07-27,2022-08-01,West,Consumer,Office Supplies,Paper,Carbon Paper,4692.1,4,0.1,242.99
ORD-2023-01512,2022-02-06,2022-02-12,North,Consumer,Furniture,Storage,File Cabinet 4-Drawer,25909.01,2,0.1,4658.62
ORD-2023-01513,2022-03-12,2022-03-16,West,Consumer,Office Supplies,Labels,Address Label Roll,10858.56,7,0.0,2073.02
ORD-2023-01514,2023-07-28,2023-07-31,West,Corporate,Technology,Accessories,USB Hub 7-Port,211905.58,6,0.0,65466.79
ORD-2023-01515,2022-10-08,2022-10-13,West,Consumer,Furniture,Chairs,Ergonomic Office Chair,4911.04,8,0.3,-3344.4
ORD-2023-01516,2023-03-14,2023-03-19,West,Consumer,Technology,Printers,Canon Pixma G3010,125138.66,2,0.3,-73176.59
ORD-2023-01517,2022-03-11,2022-03-18,West,Home Office,Furniture,Tables,Study Desk Compact,165614.36,9,0.05,22422.2
ORD-2023-01518,2022-04-17,2022-04-26,West,Consumer,Office Supplies,Pens & Art,Highlighter 6-Pack,3115.12,4,0.1,114.31
ORD-2023-01519,2022-07-28,2022-08-06,South,Home Office,Furniture,Bookcases,Bookcase Pro 5-Shelf,43850.48,6,0.1,1093.86
ORD-2023-01520,2023-04-10,2023-04-18,East,Consumer,Furniture,Tables,Coffee Table Glass,144956.22,8,0.15,-22563.81
ORD-2023-01521,2022-07-18,2022-07-26,East,Consumer,Technology,Phones,Samsung Galaxy A34,112343.59,2,0.05,-1747.0
ORD-2023-01522,2023-08-04,2023-08-13,West,Consumer,Furniture,Tables,Dining Table Oak,56607.92,3,0.05,4265.16
ORD-2023-01523,2023-09-10,2023-09-17,North,Consumer,Office Supplies,Binders,Economy Binder Set,6983.49,7,0.1,-581.98
ORD-2023-01524,2022-05-03,2022-05-05,South,Corporate,Office Supplies,Labels,Barcode Label Set,3372.28,3,0.1,92.01
ORD-2023-01525,2023-05-03,2023-05-07,South,Corporate,Technology,Printers,Canon Pixma G3010,327852.86,8,0.0,49301.82
ORD-2023-01526,2023-06-17,2023-06-24,East,Corporate,Furniture,Bookcases,Bookcase Pro 5-Shelf,72142.64,3,0.2,-8235.38
ORD-2023-01527,2023-01-29,2023-01-31,North,Home Office,Technology,Laptops,Dell Inspiron 15,713774.76,9,0.1,-55907.73
ORD-2023-01528,2023-10-09,2023-10-15,East,Consumer,Office Supplies,Pens & Art,Highlighter 6-Pack,1599.68,7,0.1,-163.0
ORD-2023-01529,2023-07-17,2023-07-25,North,Home Office,Furniture,Chairs,Executive Leather Chair,71725.37,7,0.05,12818.25
ORD-2023-01530,2022-12-14,2022-12-20,South,Home Office,Furniture,Tables,Study Desk Compact,201079.9,9,0.15,-42543.65
ORD-2023-01531,2023-05-12,2023-05-16,North,Consumer,Furniture,Chairs,Executive Leather Chair,115415.02,5,0.15,8133.44
ORD-2023-01532,2022-06-06,2022-06-08,North,Consumer,Furniture,Chairs,Ergonomic Office Chair,159901.17,7,0.05,3753.62
ORD-2023-01533,2023-07-20,2023-07-28,East,Consumer,Office Supplies,Labels,Color Dot Labels,5370.13,4,0.1,-663.61
ORD-2023-01534,2023-11-20,2023-11-23,North,Corporate,Office Supplies,Pens & Art,Sketch Pen Set 24,1009.76,4,0.1,-173.49
ORD-2023-01535,2023-09-18,2023-09-25,North,Corporate,Technology,Phones,Samsung Galaxy A34,165437.76,6,0.15,-16832.3
ORD-2023-01536,2022-11-30,2022-12-06,East,Corporate,Furniture,Storage,File Cabinet 4-Drawer,82570.2,4,0.0,23178.08
ORD-2023-01537,2022-05-08,2022-05-17,West,Home Office,Technology,Printers,Canon Pixma G3010,472976.57,8,0.3,-276087.21
ORD-2023-01538,2023-04-25,2023-04-28,South,Consumer,Technology,Laptops,HP Pavilion 14,558939.16,8,0.15,-53642.4
ORD-2023-01539,2023-03-24,2023-03-29,West,Consumer,Office Supplies,Labels,Color Dot Labels,3312.15,6,0.2,-731.0
ORD-2023-01540,2022-04-29,2022-05-05,South,Consumer,Office Supplies,Binders,Presentation Binder,1062.69,1,0.1,-85.76
ORD-2023-01541,2023-11-16,2023-11-23,North,Home Office,Furniture,Storage,Wardrobe 3-Door,17009.75,8,0.05,2870.65
ORD-2023-01542,2023-08-19,2023-08-24,North,Consumer,Office Supplies,Pens & Art,Ballpoint Pen Box,3202.06,4,0.2,-844.09
ORD-2023-01543,2022-05-20,2022-05-27,North,Consumer,Furniture,Storage,Storage Box Set,79712.26,4,0.05,3683.85
ORD-2023-01544,2023-04-29,2023-05-05,West,Corporate,Furniture,Storage,Storage Box Set,33810.26,2,0.1,-211.46
ORD-2023-01545,2022-09-18,2022-09-25,North,Consumer,Furniture,Chairs,Executive Leather Chair,76204.55,6,0.05,10351.34
ORD-2023-01546,2022-12-09,2022-12-16,South,Consumer,Office Supplies,Pens & Art,Ballpoint Pen Box,77.26,1,0.1,2.41
ORD-2023-01547,2023-05-17,2023-05-19,West,Corporate,Office Supplies,Binders,Presentation Binder,2223.76,3,0.2,-260.13
ORD-2023-01548,2023-03-06,2023-03-13,North,Consumer,Office Supplies,Paper,A4 Copy Paper 500-Sheet,2239.23,7,0.0,493.39
ORD-2023-01549,2022-08-29,2022-09-06,West,Consumer,Technology,Accessories,Laptop Cooling Pad,146160.48,2,0.0,31679.54
ORD-2023-01550,2023-09-07,2023-09-12,East,Corporate,Furniture,Chairs,Executive Leather Chair,22058.61,6,0.1,2405.63
ORD-2023-01551,2023-07-16,2023-07-19,West,Consumer,Office Supplies,Pens & Art,Highlighter 6-Pack,2115.61,5,0.0,290.28
ORD-2023-01552,2022-09-16,2022-09-25,North,Corporate,Office Supplies,Pens & Art,Highlighter 6-Pack,4727.26,9,0.05,778.51
ORD-2023-01553,2023-03-24,2023-04-01,South,Corporate,Furniture,Storage,File Cabinet 4-Drawer,48306.76,2,0.1,-9771.59
ORD-2023-01554,2023-11-08,2023-11-16,West,Consumer,Technology,Phones,Redmi Note 12,356623.56,8,0.2,-155850.97
ORD-2023-01555,2023-09-29,2023-10-07,North,Consumer,Technology,Printers,HP LaserJet Pro,27727.37,4,0.0,
ORD-2023-01556,2023-10-02,2023-10-11,West,Home Office,Office Supplies,Labels,Barcode Label Set,1347.45,3,0.0,446.7
ORD-2023-01557,2022-04-05,2022-04-14,South,Consumer,Furniture,Bookcases,Bookcase Classic 3-Shelf,115855.98,5,0.15,-24465.99
ORD-2023-01558,2023-03-06,2023-03-11,South,Corporate,Office Supplies,Paper,Photo Glossy Paper,10465.82,7,0.2,-3971.46
ORD-2023-01559,2023-02-15,2023-02-20,East,Consumer,Technology,Accessories,Wireless Mouse Combo,37146.04,8,0.0,7089.09
ORD-2023-01560,2022-03-07,2022-03-16,South,Consumer,Office Supplies,Binders,Presentation Binder,13142.64,7,0.1,-633.92
ORD-2023-01561,2023-09-18,2023-09-25,West,Consumer,Office Supplies,Binders,Economy Binder Set,3400.36,2,0.0,1095.68
ORD-2023-01562,2022-05-21,2022-05-26,South,Consumer,Office Supplies,Pens & Art,Highlighter 6-Pack,6214.95,4,0.05,161.72
ORD-2023-01563,2023-11-09,2023-11-14,North,Consumer,Technology,Accessories,Wireless Mouse Combo,529983.81,8,0.1,29873.17
ORD-2023-01564,2022-05-08,2022-05-15,West,Home Office,Office Supplies,Paper,Photo Glossy Paper,8995.11,5,0.05,278.55
ORD-2023-01565,2023-04-30,2023-05-05,South,Home Office,Office Supplies,Pens & Art,Ballpoint Pen Box,7177.98,9,0.05,675.85
ORD-2023-01566,2022-04-26,2022-04-29,West,Consumer,Office Supplies,Labels,Color Dot Labels,5347.16,5,0.0,1811.62
ORD-2023-01567,2023-06-11,2023-06-17,North,Corporate,Furniture,Tables,Dining Table Oak,90517.59,6,0.05,954.36
ORD-2023-01568,2022-11-01,2022-11-04,North,Corporate,Technology,Accessories,USB Hub 7-Port,258570.44,7,0.0,24408.87
ORD-2023-01569,2022-04-17,2022-04-21,North,Home Office,Technology,Laptops,Dell Inspiron 15,499272.67,8,0.2,-125329.88
ORD-2023-01570,2022-09-23,2022-10-01,North,Corporate,Office Supplies,Pens & Art,Sketch Pen Set 24,5757.68,3,0.1,-1035.12
ORD-2023-01571,2022-06-04,2022-06-10,South,Home Office,Furniture,Storage,Wardrobe 3-Door,4103.29,3,0.1,195.08
ORD-2023-01572,2023-01-03,2023-01-10,East,Corporate,Furniture,Tables,Dining Table Oak,144409.86,6,0.0,30840.23
ORD-2023-01573,2023-05-12,2023-05-15,West,Corporate,Technology,Phones,Redmi Note 12,488228.74,7,0.1,54211.57
ORD-2023-01574,2022-04-01,2022-04-09,West,Consumer,Technology,Printers,Epson L3252,381497.45,5,0.15,-62153.25
ORD-2023-01575,2023-02-03,2023-02-05,South,Consumer,Furniture,Tables,Coffee Table Glass,93378.16,9,0.0,30540.73
ORD-2023-01576,2022-12-12,2022-12-16,East,Consumer,Technology,Accessories,Wireless Mouse Combo,25636.1,6,0.05,5428.93
ORD-2023-01577,2022-10-14,2022-10-19,South,Corporate,Technology,Accessories,Wireless Mouse Combo,458317.12,8,0.2,-93333.32
ORD-2023-01578,2023-11-01,2023-11-04,North,Consumer,Office Supplies,Pens & Art,Ballpoint Pen Box,9008.02,7,0.05,737.89
ORD-2023-01579,2023-01-26,2023-01-28,South,Home Office,Technology,Printers,Canon Pixma G3010,431640.67,9,0.2,-105028.31
ORD-2023-01580,2023-11-13,2023-11-20,West,Consumer,Technology,Laptops,HP Pavilion 14,125656.72,4,0.0,39436.79
ORD-2023-01581,2023-04-10,2023-04-19,North,Consumer,Office Supplies,Labels,Barcode Label Set,7227.14,7,0.0,1420.89
ORD-2023-01582,2022-03-13,2022-03-22,East,Consumer,Technology,Phones,Redmi Note 12,132896.98,8,0.15,-20902.46
ORD-2023-01583,2022-12-07,2022-12-15,West,Consumer,Technology,Laptops,Dell Inspiron 15,131852.54,5,0.0,36551.87
ORD-2023-01584,2022-08-07,2022-08-09,North,Corporate,Technology,Laptops,Dell Inspiron 15,178834.66,3,0.05,
ORD-2023-01585,2022-04-23,2022-04-29,East,Consumer,Office Supplies,Paper,Carbon Paper,414.96,7,0.2,-52.41
ORD-2023-01586,2022-10-31,2022-11-08,East,Corporate,Furniture,Chairs,Ergonomic Office Chair,81745.01,9,0.15,-12372.08
ORD-2023-01587,2022-04-04,2022-04-12,North,Home Office,Furniture,Chairs,Executive Leather Chair,41592.75,6,0.0,4983.52
ORD-2023-01588,2022-12-08,2022-12-14,West,Consumer,Technology,Phones,OnePlus Nord CE 3,210634.66,3,0.0,17312.5
ORD-2023-01589,2023-05-05,2023-05-09,West,Consumer,Furniture,Tables,Study Desk Compact,102268.74,9,0.15,-14010.32
ORD-2023-01590,2022-06-17,2022-06-22,North,Consumer,Office Supplies,Pens & Art,Highlighter 6-Pack,1597.66,2,0.0,371.42
ORD-2023-01591,2022-02-22,2022-02-28,North,Consumer,Furniture,Storage,Storage Box Set,46866.01,3,,-3013.54
ORD-2023-01592,2022-02-06,2022-02-14,West,Corporate,Office Supplies,Labels,Color Dot Labels,9995.96,9,0.2,
ORD-2023-01593,2023-01-05,2023-01-10,West,Home Office,Furniture,Chairs,Ergonomic Office Chair,59727.89,4,0.1,-2224.78
ORD-2023-01594,2023-09-28,2023-10-04,North,Consumer,Furniture,Tables,Coffee Table Glass,74944.59,3,0.05,14327.11
ORD-2023-01595,2022-05-05,2022-05-14,East,Consumer,Furniture,Chairs,Executive Leather Chair,24982.84,1,0.1,3916.49
ORD-2023-01596,2022-12-21,2022-12-23,East,Consumer,Office Supplies,Labels,Color Dot Labels,5981.65,4,0.2,-1843.19
ORD-2023-01597,2023-11-01,2023-11-04,West,Consumer,Furniture,Tables,Coffee Table Glass,170146.26,9,0.0,39875.75
ORD-2023-01598,2022-05-16,2022-05-19,North,Consumer,Office Supplies,Paper,Photo Glossy Paper,10658.05,7,0.1,-955.78
ORD-2023-01599,2023-07-01,2023-07-08,North,Corporate,Office Supplies,Pens & Art,Sketch Pen Set 24,281.38,1,0.0,90.28
ORD-2023-01600,2022-06-19,2022-06-26,East,Consumer,Office Supplies,Binders,Premium Binder A4,1873.84,2,0.05,-1.8
ORD-2023-01601,2022-12-10,2022-12-19,South,Corporate,Technology,Phones,Redmi Note 12,459775.96,8,0.05,2615.78
ORD-2023-01602,2022-03-04,2022-03-06,South,Consumer,Technology,Laptops,Dell Inspiron 15,34277.64,2,0.1,1138.81
ORD-2023-01603,2023-04-06,2023-04-10,South,Home Office,Office Supplies,Pens & Art,Highlighter 6-Pack,4600.4,8,0.0,747.36
ORD-2023-01604,2022-09-18,2022-09-21,North,Corporate,Furniture,Bookcases,Bookcase Classic 3-Shelf,44831.31,6,0.0,5813.09
ORD-2023-01605,2022-10-14,2022-10-19,South,Consumer,Furniture,Tables,Study Desk Compact,46617.13,5,0.05,10086.11
ORD-2023-01606,2022-01-24,2022-01-30,West,Consumer,Office Supplies,Paper,A4 Copy Paper 500-Sheet,6701.57,4,0.0,1408.92
ORD-2023-01607,2022-12-30,2023-01-06,East,Corporate,Office Supplies,Pens & Art,Sketch Pen Set 24,7742.78,8,0.0,1415.23
ORD-2023-01608,2022-09-21,2022-09-23,North,Consumer,Furniture,Chairs,Executive Leather Chair,16784.5,3,0.0,2844.19
ORD-2023-01609,2023-08-01,2023-08-10,North,Home Office,Furniture,Storage,File Cabinet 4-Drawer,15603.24,1,0.0,3170.35
ORD-2023-01610,2023-10-29,2023-11-03,North,Consumer,Furniture,Chairs,Ergonomic Office Chair,212990.42,9,0.3,-66317.52
ORD-2023-01611,2022-02-25,2022-03-01,South,Consumer,Office Supplies,Paper,A4 Copy Paper 500-Sheet,3529.36,4,0.0,809.47
ORD-2023-01612,2023-06-14,2023-06-19,North,Home Office,Office Supplies,Binders,Presentation Binder,7169.98,7,0.05,452.3
ORD-2023-01613,2022-11-05,2022-11-10,West,Consumer,Furniture,Storage,Storage Box Set,134522.29,8,0.1,-1471.32
ORD-2023-01614,2022-11-07,2022-11-09,East,Home Office,Office Supplies,Pens & Art,Ballpoint Pen Box,8436.15,5,0.0,2606.12
ORD-2023-01615,2023-01-26,2023-01-28,South,Home Office,Furniture,Bookcases,Bookcase Classic 3-Shelf,96581.96,9,0.1,-8896.86
ORD-2023-01616,2022-01-21,2022-01-29,North,Home Office,Furniture,Storage,Wardrobe 3-Door,75336.14,6,0.0,12585.13
ORD-2023-01617,2023-10-27,2023-11-05,West,Consumer,Furniture,Chairs,Guest Chair,8334.05,3,0.05,923.8
ORD-2023-01618,2023-03-12,2023-03-21,West,Consumer,Office Supplies,Labels,Address Label Roll,9660.21,9,0.1,-809.14
ORD-2023-01619,2023-06-29,2023-07-06,South,Home Office,Furniture,Bookcases,Bookcase Classic 3-Shelf,31717.89,2,0.1,-5278.95
ORD-2023-01620,2022-08-11,2022-08-17,South,Corporate,Furniture,Tables,Study Desk Compact,39839.96,6,0.1,-3047.57
ORD-2023-01621,2022-02-07,2022-02-12,East,Consumer,Technology,Laptops,HP Pavilion 14,218158.26,4,0.2,-11635.29
ORD-2023-01622,2022-09-08,2022-09-16,South,Consumer,Furniture,Storage,Wardrobe 3-Door,27210.54,3,0.15,-5957.8
ORD-2023-01623,2023-11-17,2023-11-21,South,Corporate,Technology,Laptops,Lenovo IdeaPad Slim 5,52383.35,7,0.05,6084.32
ORD-2023-01624,2022-12-28,2023-01-02,East,Corporate,Office Supplies,Paper,A4 Copy Paper 500-Sheet,7791.44,5,0.05,1052.09
ORD-2023-01625,2022-02-16,2022-02-22,South,Corporate,Office Supplies,Binders,Presentation Binder,2567.27,8,0.0,861.43
ORD-2023-01626,2023-08-24,2023-08-31,East,Consumer,Office Supplies,Binders,Economy Binder Set,2345.47,2,0.0,
ORD-2023-01627,2023-01-12,2023-01-20,North,Consumer,Office Supplies,Binders,Premium Binder A4,1420.29,3,0.0,147.23
ORD-2023-01628,2022-01-12,2022-01-16,North,Consumer,Furniture,Storage,Wardrobe 3-Door,20563.42,3,0.05,2248.95
ORD-2023-01629,2023-03-28,2023-04-02,East,Consumer,Office Supplies,Pens & Art,Highlighter 6-Pack,346.28,2,0.0,
ORD-2023-01630,2023-12-28,2023-12-30,North,Consumer,Furniture,Chairs,Guest Chair,103568.4,6,0.1,-14768.05
ORD-2023-01631,2023-03-08,2023-03-12,North,Home Office,Office Supplies,Binders,Presentation Binder,4769.14,5,0.05,758.09
ORD-2023-01632,2023-10-14,2023-10-16,West,Consumer,Office Supplies,Binders,Presentation Binder,2570.91,6,0.0,265.59
ORD-2023-01633,2022-05-13,2022-05-18,East,Consumer,Furniture,Chairs,Guest Chair,107155.09,7,0.05,26045.84
ORD-2023-01634,2022-07-28,2022-07-31,South,Consumer,Office Supplies,Pens & Art,Sketch Pen Set 24,13230.3,9,0.0,
ORD-2023-01635,2023-07-21,2023-07-23,West,Corporate,Technology,Accessories,Laptop Cooling Pad,478657.89,6,0.15,-111250.99
ORD-2023-01636,2022-08-23,2022-08-27,East,Consumer,Furniture,Chairs,Executive Leather Chair,30320.13,3,0.0,9760.09
ORD-2023-01637,2023-12-06,2023-12-10,West,Consumer,Office Supplies,Paper,Photo Glossy Paper,1362.28,1,0.0,117.13
ORD-2023-01638,2022-08-19,2022-08-26,North,Consumer,Office Supplies,Binders,Premium Binder A4,4570.89,3,0.05,623.15
ORD-2023-01639,2022-11-06,2022-11-09,North,Corporate,Office Supplies,Pens & Art,Sketch Pen Set 24,5955.39,9,0.2,-2608.36
ORD-2023-01640,2023-12-22,2023-12-27,East,Home Office,Technology,Accessories,Wireless Mouse Combo,365501.17,5,0.15,-42988.94
ORD-2023-01641,2023-03-16,2023-03-25,North,Consumer,Office Supplies,Binders,Premium Binder A4,3537.92,2,0.05,-3.53
ORD-2023-01642,2023-04-06,2023-04-10,North,Consumer,Office Supplies,Binders,Premium Binder A4,11217.45,7,0.0,1100.52
ORD-2023-01643,2022-09-17,2022-09-22,East,Corporate,Office Supplies,Labels,Barcode Label Set,9196.31,7,0.1,-1667.21
ORD-2023-01644,2022-08-21,2022-08-28,East,Corporate,Technology,Phones,Redmi Note 12,209774.45,4,0.1,-8488.71
ORD-2023-01645,2023-05-24,2023-05-29,South,Corporate,Office Supplies,Labels,Color Dot Labels,3394.26,4,0.1,-163.05
ORD-2023-01646,2022-11-07,2022-11-16,East,Consumer,Furniture,Tables,Dining Table Oak,40515.43,5,0.0,5188.58
ORD-2023-01647,2023-01-20,2023-01-27,East,Corporate,Technology,Laptops,HP Pavilion 14,132294.34,7,0.1,-11893.99
ORD-2023-01648,2022-07-08,2022-07-13,North,Corporate,Office Supplies,Binders,Presentation Binder,2879.44,2,0.0,730.67
ORD-2023-01649,2023-01-14,2023-01-17,South,Consumer,Office Supplies,Binders,Presentation Binder,10709.8,7,0.0,2560.43
ORD-2023-01650,2023-08-07,2023-08-15,West,Home Office,Office Supplies,Paper,A4 Copy Paper 500-Sheet,12473.4,7,0.0,2787.88
ORD-2023-01651,2022-12-23,2022-12-31,South,Consumer,Furniture,Tables,Coffee Table Glass,48055.36,5,0.1,108.44
ORD-2023-01652,2023-05-11,2023-05-15,South,Consumer,Furniture,Storage,Wardrobe 3-Door,177153.38,9,0.1,-3102.36
ORD-2023-01653,2023-06-03,2023-06-06,West,Home Office,Office Supplies,Labels,Barcode Label Set,8302.73,7,0.0,2721.35
ORD-2023-01654,2023-07-02,2023-07-07,East,Consumer,Furniture,Chairs,Guest Chair,222866.9,9,0.05,42679.68
ORD-2023-01655,2022-01-11,2022-01-16,West,Consumer,Technology,Accessories,Wireless Mouse Combo,508759.26,8,0.25,-217054.1
ORD-2023-01656,2023-07-04,2023-07-10,South,Consumer,Technology,Printers,Canon Pixma G3010,108795.08,4,0.1,10876.79
ORD-2023-01657,2023-05-27,2023-05-30,West,Home Office,Office Supplies,Pens & Art,Highlighter 6-Pack,2166.32,8,0.05,136.97
ORD-2023-01658,2023-10-01,2023-10-07,West,Corporate,Technology,Printers,Epson L3252,47231.2,5,0.15,-7593.21
ORD-2023-01659,2023-10-03,2023-10-09,East,Consumer,Office Supplies,Binders,Premium Binder A4,4349.98,5,0.1,-290.43
ORD-2023-01660,2023-07-03,2023-07-10,East,Consumer,Office Supplies,Labels,Barcode Label Set,9885.3,5,,600.1
ORD-2023-01661,2022-05-25,2022-05-30,East,Corporate,Furniture,Tables,Study Desk Compact,27906.85,3,0.15,-9262.01
ORD-2023-01662,2023-03-12,2023-03-21,South,Consumer,Technology,Accessories,Wireless Mouse Combo,243688.93,4,0.15,-34460.71
ORD-2023-01663,2023-07-09,2023-07-12,South,Corporate,Technology,Accessories,Laptop Cooling Pad,77586.5,1,0.3,-57879.49
ORD-2023-01664,2022-12-11,2022-12-19,North,Corporate,Technology,Accessories,USB Hub 7-Port,27744.26,4,0.15,1811.77
ORD-2023-01665,2023-12-11,2023-12-17,North,Consumer,Office Supplies,Binders,Economy Binder Set,17819.11,9,0.2,-1471.36
ORD-2023-01666,2022-09-19,2022-09-23,South,Home Office,Technology,Phones,OnePlus Nord CE 3,73382.77,2,0.15,-5731.09
ORD-2023-01667,2022-12-22,2022-12-31,South,Home Office,Office Supplies,Paper,Carbon Paper,8197.56,7,0.0,706.29
ORD-2023-01668,2022-09-27,2022-10-02,South,Corporate,Furniture,Storage,Wardrobe 3-Door,62022.53,5,0.0,18084.16
ORD-2023-01669,2023-06-12,2023-06-14,East,Consumer,Office Supplies,Paper,A4 Copy Paper 500-Sheet,4110.47,4,0.1,215.14
ORD-2023-01670,2023-10-14,2023-10-21,West,Corporate,Office Supplies,Paper,Carbon Paper,5139.45,6,0.05,1189.58
ORD-2023-01671,2023-04-01,2023-04-08,South,Corporate,Office Supplies,Labels,Barcode Label Set,6704.49,4,0.0,1021.02
ORD-2023-01672,2023-07-02,2023-07-11,East,Corporate,Furniture,Chairs,Guest Chair,46172.89,2,0.3,-21645.4
ORD-2023-01673,2023-04-18,2023-04-22,South,Consumer,Office Supplies,Labels,Barcode Label Set,5636.18,9,0.2,-1475.3
ORD-2023-01674,2022-12-12,2022-12-19,East,Consumer,Furniture,Chairs,Executive Leather Chair,5405.29,1,0.05,636.4
ORD-2023-01675,2022-11-26,2022-12-05,West,Home Office,Furniture,Storage,Wardrobe 3-Door,24882.34,4,0.0,7912.02
ORD-2023-01676,2022-09-15,2022-09-23,North,Consumer,Technology,Phones,OnePlus Nord CE 3,230101.94,7,0.0,45306.09
ORD-2023-01677,2022-12-05,2022-12-07,South,Corporate,Office Supplies,Paper,Carbon Paper,3278.55,6,0.05,73.17
ORD-2023-01678,2023-10-04,2023-10-12,West,Consumer,Technology,Accessories,Laptop Cooling Pad,552911.3,9,0.2,-129894.08
ORD-2023-01679,2022-09-13,2022-09-16,East,Consumer,Furniture,Bookcases,Bookcase Classic 3-Shelf,11737.01,1,0.15,-2182.14
ORD-2023-01680,2022-11-07,2022-11-16,East,Consumer,Technology,Accessories,Laptop Cooling Pad,439693.52,8,0.1,-17572.81
ORD-2023-01681,2023-06-08,2023-06-13,South,Consumer,Technology,Accessories,USB Hub 7-Port,190753.46,4,0.05,7606.12
ORD-2023-01682,2023-05-31,2023-06-02,North,Consumer,Office Supplies,Pens & Art,Ballpoint Pen Box,9688.84,7,0.05,539.18
ORD-2023-01683,2022-10-18,2022-10-21,South,Corporate,Office Supplies,Pens & Art,Highlighter 6-Pack,7021.89,9,0.05,1408.78
ORD-2023-01684,2023-01-03,2023-01-09,East,Consumer,Technology,Accessories,USB Hub 7-Port,277917.59,4,0.0,72838.62
ORD-2023-01685,2022-04-27,2022-05-01,South,Home Office,Furniture,Bookcases,Bookcase Pro 5-Shelf,76598.0,6,0.1,-6248.39
ORD-2023-01686,2023-11-01,2023-11-09,South,Consumer,Office Supplies,Pens & Art,Sketch Pen Set 24,4050.1,9,0.0,738.69
ORD-2023-01687,2023-12-20,2023-12-26,North,Consumer,Office Supplies,Binders,Presentation Binder,624.04,2,0.0,196.14
ORD-2023-01688,2023-10-24,2023-10-26,South,Consumer,Technology,Accessories,Wireless Mouse Combo,171199.78,7,0.0,43509.6
ORD-2023-01689,2022-02-04,2022-02-11,North,Home Office,Furniture,Chairs,Ergonomic Office Chair,41567.56,9,0.1,-5457.74
ORD-2023-01690,2022-05-31,2022-06-02,South,Consumer,Office Supplies,Labels,Barcode Label Set,383.82,1,0.0,58.37
ORD-2023-01691,2022-03-05,2022-03-07,East,Home Office,Office Supplies,Labels,Barcode Label Set,5349.65,5,0.1,
ORD-2023-01692,2022-12-24,2022-12-29,West,Consumer,Office Supplies,Binders,Economy Binder Set,4616.53,4,0.0,806.22
ORD-2023-01693,2022-03-03,2022-03-10,West,Consumer,Technology,Accessories,Laptop Cooling Pad,10482.33,3,0.1,-699.52
ORD-2023-01694,2022-02-23,2022-03-03,South,Corporate,Office Supplies,Labels,Barcode Label Set,2477.66,4,0.05,212.92
ORD-2023-01695,2023-07-08,2023-07-13,East,Home Office,Office Supplies,Labels,Color Dot Labels,4218.04,6,0.0,
ORD-2023-01696,2023-09-13,2023-09-22,East,Consumer,Technology,Laptops,Lenovo IdeaPad Slim 5,229425.42,9,0.0,73817.08
ORD-2023-01697,2022-12-23,2023-01-01,South,Consumer,Furniture,Tables,Dining Table Oak,29343.73,4,0.2,-6264.09
ORD-2023-01698,2022-10-20,2022-10-29,West,Consumer,Office Supplies,Labels,Barcode Label Set,997.72,3,0.0,306.81
ORD-2023-01699,2022-09-20,2022-09-28,East,Consumer,Technology,Printers,Canon Pixma G3010,99333.41,7,,-31656.26
ORD-2023-01700,2022-08-02,2022-08-10,North,Home Office,Technology,Phones,Redmi Note 12,564870.34,9,0.25,
ORD-2023-01701,2023-11-30,2023-12-08,North,Consumer,Office Supplies,Binders,Premium Binder A4,5251.24,4,0.05,817.25
ORD-2023-01702,2023-03-14,2023-03-17,East,Consumer,Office Supplies,Labels,Address Label Roll,1376.33,3,0.1,-34.1
ORD-2023-01703,2023-11-21,2023-11-30,North,Consumer,Office Supplies,Pens & Art,Ballpoint Pen Box,3709.95,3,0.05,780.44
ORD-2023-01704,2023-06-30,2023-07-02,East,Consumer,Furniture,Bookcases,Bookcase Pro 5-Shelf,99713.34,4,0.2,-31930.63
ORD-2023-01705,2023-03-25,2023-03-30,North,Consumer,Technology,Phones,OnePlus Nord CE 3,166485.83,4,0.1,-10311.49
ORD-2023-01706,2022-11-25,2022-11-28,North,Consumer,Furniture,Tables,Study Desk Compact,6402.29,1,0.1,-369.93
ORD-2023-01707,2023-07-03,2023-07-06,South,Consumer,Furniture,Bookcases,Bookcase Classic 3-Shelf,55068.71,9,0.2,-22536.6
ORD-2023-01708,2022-09-05,2022-09-13,South,Corporate,Furniture,Storage,Storage Box Set,4490.11,4,0.0,1351.99
ORD-2023-01709,2023-11-03,2023-11-09,South,Consumer,Office Supplies,Labels,Address Label Roll,11298.26,9,0.0,2300.62
ORD-2023-01710,2022-08-22,2022-08-30,East,Home Office,Office Supplies,Binders,Premium Binder A4,1942.21,4,0.0,324.4
ORD-2023-01711,2022-11-23,2022-11-25,North,Consumer,Furniture,Storage,File Cabinet 4-Drawer,133314.92,9,0.15,-26331.12
ORD-2023-01712,2022-05-31,2022-06-08,East,Consumer,Technology,Accessories,Laptop Cooling Pad,309136.63,5,0.1,-24670.28
ORD-2023-01713,2022-05-19,2022-05-21,West,Consumer,Furniture,Chairs,Ergonomic Office Chair,54785.17,8,0.0,5898.55
ORD-2023-01714,2022-01-26,2022-02-03,South,Home Office,Technology,Laptops,HP Pavilion 14,273305.97,7,0.15,-4011.67
ORD-2023-01715,2022-04-20,2022-04-27,South,Consumer,Furniture,Tables,Dining Table Oak,41060.89,6,0.15,-5860.0
ORD-2023-01716,2023-07-20,2023-07-25,South,Consumer,Office Supplies,Binders,Economy Binder Set,232.98,2,0.05,-3.73
ORD-2023-01717,2022-12-23,2022-12-31,South,Corporate,Technology,Accessories,USB Hub 7-Port,79871.21,5,0.15,-13465.58
ORD-2023-01718,2023-08-23,2023-08-25,West,Consumer,Furniture,Bookcases,Bookcase Classic 3-Shelf,73781.25,6,0.15,-12575.29
ORD-2023-01719,2022-10-04,2022-10-08,West,Consumer,Technology,Phones,Redmi Note 12,284506.32,6,0.05,61623.32
ORD-2023-01720,2023-01-12,2023-01-20,North,Consumer,Office Supplies,Binders,Presentation Binder,5922.84,6,0.0,2034.59
ORD-2023-01721,2023-11-08,2023-11-17,East,Corporate,Technology,Laptops,HP Pavilion 14,162589.19,9,0.15,-34511.88
ORD-2023-01722,2023-10-29,2023-11-04,South,Corporate,Office Supplies,Paper,A4 Copy Paper 500-Sheet,3162.36,4,0.05,241.3
ORD-2023-01723,2023-08-20,2023-08-23,North,Consumer,Furniture,Storage,Storage Box Set,32562.8,5,0.0,10633.04
ORD-2023-01724,2022-11-25,2022-11-27,South,Consumer,Furniture,Storage,File Cabinet 4-Drawer,159247.53,7,0.0,18974.95
ORD-2023-01725,2022-07-28,2022-08-01,East,Consumer,Office Supplies,Pens & Art,Sketch Pen Set 24,3382.75,4,0.05,345.0
ORD-2023-01726,2022-10-11,2022-10-16,East,Corporate,Furniture,Bookcases,Bookcase Pro 5-Shelf,51589.26,9,0.3,
ORD-2023-01727,2023-08-21,2023-08-30,North,Corporate,Technology,Phones,Redmi Note 12,127918.38,2,0.2,-8880.14
ORD-2023-01728,2023-08-04,2023-08-12,North,Consumer,Office Supplies,Pens & Art,Sketch Pen Set 24,3946.25,4,0.1,-683.42
ORD-2023-01729,2022-01-18,2022-01-26,North,Consumer,Furniture,Chairs,Guest Chair,162350.31,9,0.1,15218.03
ORD-2023-01730,2022-04-18,2022-04-20,West,Consumer,Office Supplies,Paper,A4 Copy Paper 500-Sheet,3937.01,8,0.0,721.57
ORD-2023-01731,2022-03-07,2022-03-14,South,Consumer,Furniture,Chairs,Executive Leather Chair,23641.8,1,0.0,8204.89
ORD-2023-01732,2023-05-19,2023-05-28,South,Home Office,Furniture,Bookcases,Bookcase Classic 3-Shelf,68408.72,9,0.0,5688.85
ORD-2023-01733,2023-03-07,2023-03-16,South,Corporate,Office Supplies,Paper,A4 Copy Paper 500-Sheet,1263.38,3,0.1,-62.93
ORD-2023-01734,2022-08-18,2022-08-24,East,Consumer,Furniture,Bookcases,Bookcase Pro 5-Shelf,74510.53,7,0.2,-11724.87
ORD-2023-01735,2023-08-17,2023-08-24,North,Home Office,Office Supplies,Pens & Art,Sketch Pen Set 24,6999.02,4,0.1,528.87
ORD-2023-01736,2023-11-12,2023-11-18,North,Consumer,Furniture,Bookcases,Bookcase Classic 3-Shelf,5847.97,3,0.2,-1487.48
ORD-2023-01737,2022-11-20,2022-11-28,West,Home Office,Technology,Phones,Samsung Galaxy A34,484883.1,7,0.25,-114867.04
ORD-2023-01738,2022-10-05,2022-10-09,North,Consumer,Office Supplies,Labels,Barcode Label Set,13877.16,7,0.1,-2369.95
ORD-2023-01739,2022-11-13,2022-11-16,East,Corporate,Office Supplies,Pens & Art,Ballpoint Pen Box,5841.22,3,0.0,1466.86
ORD-2023-01740,2022-08-13,2022-08-19,South,Consumer,Office Supplies,Pens & Art,Highlighter 6-Pack,138.46,2,0.1,3.15
ORD-2023-01741,2023-03-08,2023-03-12,North,Consumer,Furniture,Tables,Dining Table Oak,46304.36,9,0.05,3905.51
ORD-2023-01742,2022-07-29,2022-08-07,West,Corporate,Technology,Printers,Epson L3252,42712.49,4,0.25,-18356.54
ORD-2023-01743,2022-12-21,2022-12-27,East,Corporate,Furniture,Storage,Storage Box Set,114652.76,9,0.05,14656.38
ORD-2023-01744,2023-05-19,2023-05-27,South,Consumer,Furniture,Tables,Dining Table Oak,110685.21,7,0.0,9260.12
ORD-2023-01745,2022-01-18,2022-01-25,South,Corporate,Furniture,Tables,Dining Table Oak,62750.68,7,0.2,-13498.06
ORD-2023-01746,2023-11-13,2023-11-16,South,Corporate,Furniture,Bookcases,Bookcase Pro 5-Shelf,54175.14,8,0.15,-17603.45
ORD-2023-01747,2022-04-27,2022-04-30,South,Consumer,Furniture,Chairs,Ergonomic Office Chair,27849.37,2,0.1,-1483.23
ORD-2023-01748,2023-07-23,2023-07-27,East,Corporate,Office Supplies,Binders,Premium Binder A4,10481.71,8,0.1,-1385.79
ORD-2023-01749,2022-06-08,2022-06-14,North,Corporate,Office Supplies,Paper,Carbon Paper,1772.89,2,0.05,443.03
ORD-2023-01750,2023-05-04,2023-05-11,South,Consumer,Technology,Phones,OnePlus Nord CE 3,75901.66,1,0.15,-6557.77
ORD-2023-01751,2023-02-25,2023-03-01,North,Corporate,Office Supplies,Paper,Photo Glossy Paper,85.78,1,0.2,-30.01
ORD-2023-01752,2023-01-04,2023-01-10,East,Home Office,Furniture,Chairs,Guest Chair,29813.0,9,0.1,2227.87
ORD-2023-01753,2022-05-03,2022-05-11,East,Consumer,Office Supplies,Labels,Barcode Label Set,1292.32,7,0.05,23.61
ORD-2023-01754,2022-12-01,2022-12-08,South,Corporate,Technology,Accessories,Laptop Cooling Pad,399946.04,6,0.15,-48979.61
ORD-2023-01755,2022-06-16,2022-06-22,East,Corporate,Technology,Phones,Samsung Galaxy A34,101837.52,5,0.0,
ORD-2023-01756,2022-12-26,2022-12-30,West,Consumer,Office Supplies,Pens & Art,Sketch Pen Set 24,3353.67,5,0.0,674.96
ORD-2023-01757,2022-06-26,2022-06-30,West,Corporate,Technology,Laptops,Dell Inspiron 15,475810.56,8,0.0,131315.85
ORD-2023-01758,2023-07-02,2023-07-11,North,Home Office,Technology,Phones,Samsung Galaxy A34,230065.86,9,0.0,70092.75
ORD-2023-01759,2023-02-23,2023-02-27,South,Consumer,Furniture,Chairs,Guest Chair,16060.97,4,0.0,5362.79
ORD-2023-01760,2023-02-20,2023-02-22,North,Consumer,Technology,Laptops,Lenovo IdeaPad Slim 5,42809.33,6,0.15,-761.7
ORD-2023-01761,2022-07-05,2022-07-11,West,Corporate,Furniture,Bookcases,Bookcase Pro 5-Shelf,25727.45,2,0.3,-14769.23
ORD-2023-01762,2023-12-04,2023-12-09,West,Consumer,Technology,Printers,Canon Pixma G3010,350961.51,8,0.15,-17315.49
ORD-2023-01763,2023-03-21,2023-03-26,North,Corporate,Furniture,Tables,Study Desk Compact,18826.09,1,0.05,-73.05
ORD-2023-01764,2023-10-09,2023-10-11,South,Corporate,Technology,Phones,OnePlus Nord CE 3,314628.09,6,0.0,65130.22
ORD-2023-01765,2023-02-28,2023-03-09,West,Corporate,Office Supplies,Binders,Economy Binder Set,3423.34,2,0.0,1005.6
ORD-2023-01766,2022-01-12,2022-01-14,North,Corporate,Technology,Laptops,HP Pavilion 14,204445.09,3,0.3,-102640.52
ORD-2023-01767,2023-05-20,2023-05-26,North,Consumer,Technology,Printers,Canon Pixma G3010,63441.73,2,0.05,-2914.71
ORD-2023-01768,2023-02-03,2023-02-08,North,Home Office,Technology,Laptops,HP Pavilion 14,126383.32,3,0.0,20249.81
ORD-2023-01769,2022-02-04,2022-02-10,South,Consumer,Technology,Laptops,Lenovo IdeaPad Slim 5,282278.01,6,0.15,-66888.89
ORD-2023-01770,2022-11-08,2022-11-15,East,Consumer,Technology,Phones,Redmi Note 12,145218.48,8,0.3,-63689.89
ORD-2023-01771,2023-08-01,2023-08-06,East,Corporate,Furniture,Chairs,Guest Chair,5944.95,8,0.15,
ORD-2023-01772,2022-03-15,2022-03-18,West,Consumer,Technology,Printers,Canon Pixma G3010,388831.05,9,0.15,16202.14
ORD-2023-01773,2023-01-16,2023-01-22,North,Consumer,Office Supplies,Binders,Economy Binder Set,5514.56,9,0.05,-102.54
ORD-2023-01774,2022-07-17,2022-07-22,North,Corporate,Office Supplies,Pens & Art,Highlighter 6-Pack,3169.67,4,0.0,565.92
ORD-2023-01775,2022-09-17,2022-09-19,West,Consumer,Technology,Printers,HP LaserJet Pro,554463.75,8,0.2,-245037.66
ORD-2023-01776,2022-03-28,2022-04-01,South,Home Office,Office Supplies,Binders,Presentation Binder,4875.35,7,0.0,1055.89
ORD-2023-01777,2023-11-12,2023-11-17,North,Corporate,Technology,Phones,Redmi Note 12,199416.19,4,0.0,46648.48
ORD-2023-01778,2023-12-13,2023-12-20,North,Home Office,Office Supplies,Binders,Presentation Binder,5085.27,6,0.1,-315.56
ORD-2023-01779,2023-09-19,2023-09-25,North,Consumer,Office Supplies,Binders,Premium Binder A4,1853.6,1,0.05,350.9
ORD-2023-01780,2022-04-22,2022-04-30,South,Corporate,Office Supplies,Binders,Presentation Binder,4056.57,4,0.1,200.37
ORD-2023-01781,2022-04-15,2022-04-18,West,Corporate,Furniture,Bookcases,Bookcase Pro 5-Shelf,183972.7,8,0.2,-45350.61
ORD-2023-01782,2022-12-28,2023-01-04,West,Consumer,Furniture,Storage,Wardrobe 3-Door,12014.76,1,0.0,2867.73
ORD-2023-01783,2023-02-25,2023-03-05,West,Consumer,Technology,Phones,Samsung Galaxy A34,5080.58,5,0.05,-45.75
ORD-2023-01784,2023-12-02,2023-12-08,East,Consumer,Office Supplies,Paper,Photo Glossy Paper,7830.36,8,0.05,1369.21
ORD-2023-01785,2023-08-31,2023-09-08,North,Home Office,Technology,Printers,HP LaserJet Pro,81102.08,4,0.05,17563.58
ORD-2023-01786,2023-05-23,2023-05-26,South,Corporate,Office Supplies,Binders,Economy Binder Set,8326.18,5,0.1,812.88
ORD-2023-01787,2022-04-04,2022-04-10,South,Consumer,Furniture,Storage,Wardrobe 3-Door,87446.36,4,0.2,-11393.4
ORD-2023-01788,2023-05-06,2023-05-15,East,Corporate,Office Supplies,Binders,Presentation Binder,11040.74,6,0.0,2101.32
ORD-2023-01789,2023-04-13,2023-04-20,West,Home Office,Furniture,Tables,Coffee Table Glass,86060.43,5,0.3,-41450.0
ORD-2023-01790,2022-06-26,2022-07-05,South,Consumer,Technology,Accessories,Laptop Cooling Pad,380810.69,5,0.0,98353.37
ORD-2023-01791,2022-05-26,2022-05-31,North,Consumer,Furniture,Bookcases,Bookcase Classic 3-Shelf,59022.19,5,0.05,2861.67
ORD-2023-01792,2022-12-22,2022-12-24,West,Consumer,Office Supplies,Pens & Art,Ballpoint Pen Box,470.34,3,0.1,31.94
ORD-2023-01793,2022-02-08,2022-02-14,West,Home Office,Furniture,Storage,File Cabinet 4-Drawer,7650.37,1,0.2,-2746.91
ORD-2023-01794,2023-07-27,2023-07-31,South,Consumer,Technology,Phones,Samsung Galaxy A34,39357.22,5,0.15,-3863.27
ORD-2023-01795,2022-06-06,2022-06-15,North,Consumer,Technology,Laptops,HP Pavilion 14,444123.55,6,0.1,9567.01
ORD-2023-01796,2022-04-16,2022-04-19,East,Corporate,Furniture,Bookcases,Bookcase Pro 5-Shelf,22001.04,2,0.1,2699.85
ORD-2023-01797,2022-07-04,2022-07-07,East,Consumer,Furniture,Tables,Dining Table Oak,74085.21,3,0.2,-32554.9
ORD-2023-01798,2023-05-02,2023-05-09,South,Consumer,Office Supplies,Labels,Address Label Roll,9225.99,5,0.05,1337.3
ORD-2023-01799,2022-12-17,2022-12-25,South,Corporate,Furniture,Chairs,Executive Leather Chair,112069.11,6,0.05,-3252.17
ORD-2023-01800,2022-03-07,2022-03-13,South,Consumer,Office Supplies,Labels,Address Label Roll,7223.44,7,0.05,939.98
ORD-2023-01801,2023-11-13,2023-11-15,West,Consumer,Furniture,Tables,Dining Table Oak,134123.32,7,0.15,-25817.71
ORD-2023-01802,2022-08-13,2022-08-15,West,Corporate,Office Supplies,Labels,Address Label Roll,1888.05,1,0.0,346.89
ORD-2023-01803,2023-06-15,2023-06-23,West,Consumer,Furniture,Storage,Storage Box Set,76273.98,8,0.1,7332.1
ORD-2023-01804,2023-06-18,2023-06-21,South,Consumer,Office Supplies,Paper,A4 Copy Paper 500-Sheet,5973.11,5,0.0,1584.5
ORD-2023-01805,2022-12-09,2022-12-17,West,Consumer,Technology,Laptops,Lenovo IdeaPad Slim 5,221013.95,9,0.15,-47161.72
ORD-2023-01806,2023-07-17,2023-07-20,South,Consumer,Technology,Printers,Epson L3252,26588.67,1,0.05,5689.08
ORD-2023-01807,2022-04-13,2022-04-21,East,Corporate,Office Supplies,Binders,Economy Binder Set,4855.26,4,0.1,45.89
ORD-2023-01808,2023-07-29,2023-08-06,North,Corporate,Furniture,Chairs,Guest Chair,39882.71,3,0.0,13207.74
ORD-2023-01809,2023-11-05,2023-11-09,West,Consumer,Technology,Laptops,HP Pavilion 14,65141.7,1,0.2,-15653.93
ORD-2023-01810,2022-06-13,2022-06-19,West,Consumer,Office Supplies,Labels,Address Label Roll,2150.74,7,0.0,349.1
ORD-2023-01811,2022-06-04,2022-06-12,North,Consumer,Office Supplies,Labels,Address Label Roll,592.6,2,0.1,-78.41
ORD-2023-01812,2023-03-28,2023-04-06,East,Consumer,Technology,Phones,Samsung Galaxy A34,319170.77,4,0.1,-13823.53
ORD-2023-01813,2023-09-07,2023-09-09,South,Consumer,Office Supplies,Binders,Economy Binder Set,1480.73,3,0.05,76.06
ORD-2023-01814,2022-08-13,2022-08-19,East,Home Office,Office Supplies,Paper,A4 Copy Paper 500-Sheet,12165.1,7,0.05,502.08
ORD-2023-01815,2023-02-12,2023-02-20,South,Consumer,Office Supplies,Paper,Photo Glossy Paper,4796.19,9,0.0,681.78
ORD-2023-01816,2022-09-29,2022-10-04,East,Home Office,Furniture,Bookcases,Bookcase Pro 5-Shelf,5003.06,5,0.15,-662.5
ORD-2023-01817,2022-05-08,2022-05-15,East,Home Office,Furniture,Bookcases,Bookcase Pro 5-Shelf,74752.89,4,0.2,-17804.32
ORD-2023-01818,2023-12-18,2023-12-23,East,Consumer,Furniture,Bookcases,Bookcase Pro 5-Shelf,116029.69,6,0.05,630.17
ORD-2023-01819,2023-04-07,2023-04-15,West,Consumer,Furniture,Tables,Dining Table Oak,20017.4,1,0.15,-1249.89
ORD-2023-01820,2023-04-06,2023-04-11,South,Consumer,Office Supplies,Binders,Premium Binder A4,2629.06,3,0.05,-23.87
ORD-2023-01821,2023-04-16,2023-04-25,South,Corporate,Office Supplies,Labels,Color Dot Labels,1447.41,6,,409.11
ORD-2023-01822,2023-04-11,2023-04-17,West,Consumer,Technology,Laptops,Dell Inspiron 15,232522.48,9,0.05,38931.81
ORD-2023-01823,2022-06-10,2022-06-13,West,Consumer,Office Supplies,Paper,Photo Glossy Paper,5833.07,4,0.0,1793.45
ORD-2023-01824,2023-03-08,2023-03-12,South,Consumer,Office Supplies,Labels,Barcode Label Set,1701.5,1,0.05,295.91
ORD-2023-01825,2023-02-14,2023-02-16,West,Corporate,Office Supplies,Binders,Premium Binder A4,2503.37,5,0.0,481.19
ORD-2023-01826,2022-11-27,2022-11-30,South,Consumer,Technology,Printers,Epson L3252,7246.41,1,0.0,2209.34
ORD-2023-01827,2022-09-02,2022-09-08,West,Consumer,Office Supplies,Binders,Economy Binder Set,14430.0,8,0.1,-395.41
ORD-2023-01828,2022-04-01,2022-04-06,North,Corporate,Furniture,Bookcases,Bookcase Pro 5-Shelf,22227.19,3,0.0,7151.34
ORD-2023-01829,2023-02-28,2023-03-08,South,Consumer,Furniture,Tables,Coffee Table Glass,11806.58,1,0.0,3218.75
ORD-2023-01830,2023-05-24,2023-05-31,West,Home Office,Furniture,Bookcases,Bookcase Pro 5-Shelf,43560.87,2,,-11991.88
ORD-2023-01831,2022-02-16,2022-02-21,South,Consumer,Furniture,Chairs,Guest Chair,25889.76,5,0.0,2147.42
ORD-2023-01832,2022-12-08,2022-12-17,North,Home Office,Office Supplies,Pens & Art,Ballpoint Pen Box,862.02,5,0.0,135.57
ORD-2023-01833,2023-01-24,2023-01-30,North,Home Office,Furniture,Bookcases,Bookcase Pro 5-Shelf,9641.49,4,0.15,-336.39
ORD-2023-01834,2022-11-06,2022-11-14,West,Corporate,Office Supplies,Labels,Color Dot Labels,5646.89,3,0.0,529.18
ORD-2023-01835,2023-06-18,2023-06-26,South,Consumer,Office Supplies,Labels,Barcode Label Set,6320.13,9,0.05,-83.32
ORD-2023-01836,2023-03-30,2023-04-02,East,Consumer,Office Supplies,Binders,Premium Binder A4,16317.67,9,0.05,3468.09
ORD-2023-01837,2023-12-28,2024-01-02,South,Consumer,Technology,Laptops,Lenovo IdeaPad Slim 5,225436.3,4,0.0,52271.54
ORD-2023-01838,2022-04-25,2022-04-30,North,Corporate,Furniture,Chairs,Ergonomic Office Chair,120780.74,5,0.1,686.07
ORD-2023-01839,2022-02-20,2022-02-22,South,Corporate,Office Supplies,Pens & Art,Highlighter 6-Pack,1529.11,9,0.1,-53.77
ORD-2023-01840,2023-02-16,2023-02-23,East,Consumer,Technology,Laptops,Lenovo IdeaPad Slim 5,316183.91,6,0.05,4539.16
ORD-2023-01841,2023-10-16,2023-10-19,East,Consumer,Furniture,Bookcases,Bookcase Pro 5-Shelf,78517.7,5,0.15,-12843.62
ORD-2023-01842,2023-01-16,2023-01-18,West,Consumer,Office Supplies,Labels,Barcode Label Set,3997.35,8,0.1,-83.71
ORD-2023-01843,2022-05-21,2022-05-28,North,Corporate,Furniture,Bookcases,Bookcase Pro 5-Shelf,60156.28,4,0.05,14002.2
ORD-2023-01844,2023-01-23,2023-01-25,West,Corporate,Office Supplies,Paper,Carbon Paper,6573.35,7,0.1,
ORD-2023-01845,2022-11-16,2022-11-22,South,Consumer,Office Supplies,Labels,Address Label Roll,9753.15,6,0.05,1280.31
ORD-2023-01846,2022-05-08,2022-05-15,East,Home Office,Furniture,Bookcases,Bookcase Pro 5-Shelf,113917.08,6,0.0,22571.83
ORD-2023-01847,2023-12-24,2024-01-01,East,Consumer,Furniture,Bookcases,Bookcase Pro 5-Shelf,47381.29,2,0.2,-18227.92
ORD-2023-01848,2022-05-05,2022-05-13,North,Corporate,Office Supplies,Pens & Art,Sketch Pen Set 24,1530.92,6,0.05,33.28
ORD-2023-01849,2022-03-06,2022-03-09,North,Home Office,Technology,Laptops,Dell Inspiron 15,373782.97,8,0.3,-243768.9
ORD-2023-01850,2023-07-24,2023-07-27,North,Corporate,Furniture,Storage,Wardrobe 3-Door,38943.66,2,0.1,5580.25
ORD-2023-01851,2023-12-09,2023-12-13,South,Corporate,Furniture,Chairs,Executive Leather Chair,45013.45,3,0.0,4066.46
ORD-2023-01852,2022-09-21,2022-09-29,East,Corporate,Furniture,Chairs,Executive Leather Chair,57353.52,7,0.1,-973.94
ORD-2023-01853,2022-09-18,2022-09-27,East,Consumer,Office Supplies,Binders,Premium Binder A4,1164.55,7,0.1,134.9
ORD-2023-01854,2022-09-02,2022-09-05,South,Consumer,Technology,Accessories,Laptop Cooling Pad,164666.02,3,0.2,-5514.18
ORD-2023-01855,2023-12-07,2023-12-16,East,Consumer,Furniture,Chairs,Ergonomic Office Chair,88246.17,6,0.05,5076.0
ORD-2023-01856,2022-08-01,2022-08-07,North,Consumer,Office Supplies,Pens & Art,Sketch Pen Set 24,11190.57,8,0.05,2289.85
ORD-2023-01857,2022-03-04,2022-03-13,South,Corporate,Technology,Laptops,Lenovo IdeaPad Slim 5,107837.37,9,0.1,-250.18
ORD-2023-01858,2023-12-23,2023-12-28,North,Consumer,Furniture,Storage,Storage Box Set,124592.09,7,0.0,12131.22
ORD-2023-01859,2022-05-25,2022-05-30,North,Consumer,Technology,Accessories,Wireless Mouse Combo,397259.03,7,0.2,-71983.9
ORD-2023-01860,2023-03-15,2023-03-19,South,Corporate,Furniture,Bookcases,Bookcase Pro 5-Shelf,37219.7,8,0.2,-14609.0
ORD-2023-01861,2022-11-15,2022-11-21,North,Consumer,Furniture,Chairs,Ergonomic Office Chair,71219.09,3,0.2,-19658.66
ORD-2023-01862,2023-08-14,2023-08-19,South,Corporate,Office Supplies,Pens & Art,Ballpoint Pen Box,1712.12,2,0.05,207.27
ORD-2023-01863,2023-12-29,2024-01-07,North,Consumer,Furniture,Storage,Storage Box Set,49143.68,6,0.2,-21102.51
ORD-2023-01864,2022-03-03,2022-03-08,South,Consumer,Office Supplies,Labels,Barcode Label Set,1500.09,1,0.05,331.4
ORD-2023-01865,2023-10-05,2023-10-07,East,Consumer,Office Supplies,Pens & Art,Sketch Pen Set 24,6478.91,4,0.2,-1456.73
ORD-2023-01866,2023-08-11,2023-08-19,South,Corporate,Furniture,Tables,Study Desk Compact,123693.78,8,0.05,-2665.25
ORD-2023-01867,2023-10-07,2023-10-13,East,Consumer,Office Supplies,Binders,Premium Binder A4,1984.78,1,0.05,-47.52
ORD-2023-01868,2023-02-04,2023-02-10,North,Corporate,Technology,Accessories,Laptop Cooling Pad,143052.77,9,,-7360.21
ORD-2023-01869,2023-07-20,2023-07-28,North,Consumer,Technology,Printers,Canon Pixma G3010,420930.41,9,0.05,15936.08
ORD-2023-01870,2022-03-15,2022-03-21,South,Corporate,Office Supplies,Pens & Art,Highlighter 6-Pack,758.93,2,0.0,172.78
ORD-2023-01871,2022-07-01,2022-07-05,North,Corporate,Office Supplies,Binders,Presentation Binder,2640.58,2,0.1,248.84
ORD-2023-01872,2023-03-27,2023-04-01,West,Home Office,Technology,Laptops,HP Pavilion 14,18935.82,2,0.25,-5582.41
ORD-2023-01873,2023-07-25,2023-08-03,North,Consumer,Furniture,Chairs,Executive Leather Chair,16375.46,5,0.2,-6535.07
ORD-2023-01874,2023-12-25,2024-01-02,East,Consumer,Furniture,Chairs,Ergonomic Office Chair,11824.97,2,0.2,-2533.78
ORD-2023-01875,2023-03-28,2023-04-04,East,Consumer,Furniture,Tables,Coffee Table Glass,13314.77,4,0.1,1667.92
ORD-2023-01876,2023-02-10,2023-02-19,West,Consumer,Technology,Laptops,Lenovo IdeaPad Slim 5,33631.57,3,0.2,-10366.82
ORD-2023-01877,2022-05-04,2022-05-06,South,Home Office,Technology,Accessories,USB Hub 7-Port,25253.24,1,0.05,1326.37
ORD-2023-01878,2023-11-15,2023-11-19,North,Home Office,Technology,Printers,Canon Pixma G3010,197317.86,3,0.2,-78054.7
ORD-2023-01879,2023-03-05,2023-03-11,West,Consumer,Furniture,Bookcases,Bookcase Classic 3-Shelf,190515.97,9,0.1,13899.43
ORD-2023-01880,2023-04-01,2023-04-10,South,Consumer,Technology,Accessories,USB Hub 7-Port,93421.45,3,0.3,-21521.05
ORD-2023-01881,2023-07-26,2023-08-01,North,Consumer,Technology,Printers,HP LaserJet Pro,338977.06,5,0.25,-75522.05
ORD-2023-01882,2022-02-15,2022-02-19,East,Corporate,Furniture,Bookcases,Bookcase Classic 3-Shelf,20878.06,6,0.1,-1574.66
ORD-2023-01883,2022-06-22,2022-06-25,West,Corporate,Furniture,Bookcases,Bookcase Classic 3-Shelf,110715.99,6,0.05,5569.28
ORD-2023-01884,2023-11-11,2023-11-19,North,Consumer,Furniture,Storage,Storage Box Set,174649.31,9,0.0,30166.56
ORD-2023-01885,2023-01-16,2023-01-24,East,Home Office,Furniture,Bookcases,Bookcase Pro 5-Shelf,190147.47,9,0.05,21537.01
ORD-2023-01886,2022-08-10,2022-08-13,North,Corporate,Furniture,Chairs,Guest Chair,27844.29,3,0.1,-3190.46
ORD-2023-01887,2023-10-12,2023-10-18,North,Home Office,Office Supplies,Pens & Art,Ballpoint Pen Box,593.31,8,0.0,72.67
ORD-2023-01888,2022-06-10,2022-06-16,West,Corporate,Technology,Phones,Redmi Note 12,124635.34,5,0.1,8483.66
ORD-2023-01889,2023-05-29,2023-06-05,North,Consumer,Technology,Phones,OnePlus Nord CE 3,649659.23,9,0.05,104667.79
ORD-2023-01890,2023-07-15,2023-07-24,South,Home Office,Furniture,Chairs,Guest Chair,166360.33,8,0.15,
ORD-2023-01891,2023-02-11,2023-02-19,West,Consumer,Furniture,Storage,File Cabinet 4-Drawer,73437.73,6,0.1,-233.44
ORD-2023-01892,2023-01-27,2023-02-05,East,Corporate,Furniture,Storage,Wardrobe 3-Door,112073.56,5,0.05,-1758.94
ORD-2023-01893,2023-06-24,2023-06-30,East,Consumer,Technology,Laptops,HP Pavilion 14,223602.14,7,0.1,11584.72
ORD-2023-01894,2023-11-25,2023-12-03,East,Consumer,Technology,Phones,OnePlus Nord CE 3,381455.35,6,0.1,-66317.13
ORD-2023-01895,2023-05-01,2023-05-07,South,Consumer,Technology,Accessories,USB Hub 7-Port,449952.22,6,0.15,-67290.18
ORD-2023-01896,2023-10-13,2023-10-19,East,Home Office,Technology,Accessories,Laptop Cooling Pad,247206.62,7,0.15,-24960.02
ORD-2023-01897,2022-02-16,2022-02-18,East,Corporate,Office Supplies,Pens & Art,Sketch Pen Set 24,1293.07,5,0.0,426.62
ORD-2023-01898,2022-04-16,2022-04-18,North,Consumer,Furniture,Bookcases,Bookcase Pro 5-Shelf,116984.28,5,0.15,-33740.62
ORD-2023-01899,2022-08-31,2022-09-08,North,Consumer,Furniture,Storage,File Cabinet 4-Drawer,101939.81,8,0.1,-16943.16
ORD-2023-01900,2023-12-25,2023-12-28,North,Corporate,Furniture,Bookcases,Bookcase Classic 3-Shelf,1739.7,1,0.05,6.91
ORD-2023-01901,2022-01-27,2022-01-29,North,Home Office,Technology,Printers,Canon Pixma G3010,231703.26,4,0.1,-8052.71
ORD-2023-01902,2022-02-12,2022-02-19,North,Home Office,Furniture,Storage,Storage Box Set,114227.78,5,0.0,24612.58
ORD-2023-01903,2023-03-13,2023-03-19,North,Consumer,Furniture,Bookcases,Bookcase Classic 3-Shelf,56260.19,3,0.0,12893.73
ORD-2023-01904,2022-06-09,2022-06-18,North,Consumer,Office Supplies,Binders,Presentation Binder,324.94,1,0.05,
ORD-2023-01905,2022-08-31,2022-09-05,East,Consumer,Office Supplies,Labels,Color Dot Labels,7795.83,9,0.05,1276.87
ORD-2023-01906,2023-01-02,2023-01-05,North,Consumer,Furniture,Chairs,Executive Leather Chair,29410.11,4,0.3,-20575.41
ORD-2023-01907,2023-02-26,2023-03-02,East,Consumer,Furniture,Storage,Storage Box Set,39611.67,7,0.1,2790.68
ORD-2023-01908,2022-06-13,2022-06-15,South,Corporate,Furniture,Tables,Dining Table Oak,20685.52,4,0.1,-341.88
ORD-2023-01909,2022-07-28,2022-08-03,South,Corporate,Technology,Accessories,Laptop Cooling Pad,526346.26,8,0.1,-26377.06
ORD-2023-01910,2022-05-19,2022-05-23,North,Home Office,Office Supplies,Labels,Address Label Roll,7080.61,6,0.05,532.68
ORD-2023-01911,2023-01-11,2023-01-17,North,Consumer,Technology,Phones,Samsung Galaxy A34,14067.82,7,0.05,1973.31
ORD-2023-01912,2022-12-29,2023-01-01,East,Consumer,Furniture,Bookcases,Bookcase Pro 5-Shelf,24689.53,2,0.1,4790.09
ORD-2023-01913,2022-05-07,2022-05-12,South,Corporate,Office Supplies,Paper,Photo Glossy Paper,7379.96,4,0.2,-1179.41
ORD-2023-01914,2023-07-06,2023-07-14,East,Corporate,Technology,Laptops,Lenovo IdeaPad Slim 5,130432.76,4,0.1,-3189.15
ORD-2023-01915,2023-10-31,2023-11-02,South,Consumer,Furniture,Storage,Wardrobe 3-Door,23078.5,1,0.1,2786.65
ORD-2023-01916,2023-10-29,2023-11-02,South,Home Office,Office Supplies,Binders,Presentation Binder,1145.07,1,0.05,181.04
ORD-2023-01917,2022-01-09,2022-01-18,South,Corporate,Furniture,Bookcases,Bookcase Classic 3-Shelf,132895.79,8,0.2,-41300.19
ORD-2023-01918,2022-02-25,2022-03-04,East,Consumer,Furniture,Storage,Storage Box Set,91418.91,9,0.0,26285.68
ORD-2023-01919,2023-04-14,2023-04-17,South,Corporate,Furniture,Tables,Coffee Table Glass,72521.7,8,0.2,-5339.24
ORD-2023-01920,2022-10-07,2022-10-09,North,Consumer,Furniture,Tables,Dining Table Oak,1915.59,1,,-724.82
ORD-2023-01921,2023-08-01,2023-08-10,North,Consumer,Office Supplies,Pens & Art,Sketch Pen Set 24,660.14,6,0.2,-149.39
ORD-2023-01922,2023-09-04,2023-09-09,East,Consumer,Office Supplies,Paper,A4 Copy Paper 500-Sheet,821.96,4,0.0,153.12
ORD-2023-01923,2022-08-17,2022-08-22,North,Consumer,Office Supplies,Labels,Barcode Label Set,449.67,1,0.05,45.31
ORD-2023-01924,2022-09-14,2022-09-22,North,Corporate,Furniture,Bookcases,Bookcase Pro 5-Shelf,68975.1,8,0.15,-6915.29
ORD-2023-01925,2022-08-16,2022-08-25,East,Corporate,Technology,Laptops,HP Pavilion 14,74283.41,1,0.25,-29683.82
ORD-2023-01926,2023-07-10,2023-07-18,South,Consumer,Technology,Laptops,HP Pavilion 14,283573.53,8,0.25,-121055.15
ORD-2023-01927,2023-08-08,2023-08-15,West,Consumer,Furniture,Storage,File Cabinet 4-Drawer,58469.7,3,0.05,4504.81
ORD-2023-01928,2022-08-11,2022-08-15,West,Consumer,Technology,Laptops,HP Pavilion 14,53219.5,2,0.1,7481.59
ORD-2023-01929,2023-07-01,2023-07-03,West,Corporate,Furniture,Storage,Storage Box Set,16260.91,1,0.0,4605.36
ORD-2023-01930,2022-01-13,2022-01-20,South,Consumer,Technology,Phones,Redmi Note 12,257306.01,6,0.15,
ORD-2023-01931,2022-06-14,2022-06-23,North,Consumer,Furniture,Chairs,Ergonomic Office Chair,189182.93,8,0.15,
ORD-2023-01932,2022-03-04,2022-03-13,North,Home Office,Office Supplies,Pens & Art,Highlighter 6-Pack,10394.06,7,0.0,3332.52
ORD-2023-01933,2022-04-28,2022-05-05,West,Consumer,Office Supplies,Binders,Presentation Binder,4261.07,3,0.05,593.5
ORD-2023-01934,2022-09-24,2022-09-30,West,Home Office,Office Supplies,Pens & Art,Sketch Pen Set 24,2614.08,5,0.05,-58.71
ORD-2023-01935,2023-09-22,2023-10-01,East,Consumer,Furniture,Chairs,Guest Chair,44810.78,2,0.1,-2498.0
ORD-2023-01936,2022-02-22,2022-03-02,East,Corporate,Office Supplies,Labels,Color Dot Labels,17511.8,9,0.05,1164.02
ORD-2023-01937,2023-02-25,2023-03-01,East,Home Office,Office Supplies,Paper,A4 Copy Paper 500-Sheet,3531.96,4,0.1,-724.85
ORD-2023-01938,2023-09-29,2023-10-05,South,Home Office,Furniture,Bookcases,Bookcase Pro 5-Shelf,60701.09,5,0.15,-12975.68
ORD-2023-01939,2023-01-18,2023-01-22,West,Home Office,Furniture,Bookcases,Bookcase Classic 3-Shelf,5514.39,1,0.05,62.72
ORD-2023-01940,2023-11-28,2023-12-02,North,Consumer,Furniture,Bookcases,Bookcase Pro 5-Shelf,24843.14,1,0.1,1836.82
ORD-2023-01941,2022-04-04,2022-04-11,North,Home Office,Office Supplies,Labels,Color Dot Labels,1950.59,3,0.0,382.36
ORD-2023-01942,2023-12-28,2024-01-05,South,Consumer,Office Supplies,Paper,A4 Copy Paper 500-Sheet,11246.59,7,0.05,2121.74
ORD-2023-01943,2022-09-20,2022-09-24,North,Consumer,Furniture,Tables,Dining Table Oak,67530.32,5,0.2,-13376.36
ORD-2023-01944,2022-01-08,2022-01-14,South,Home Office,Office Supplies,Paper,Carbon Paper,2327.97,2,0.1,-177.62
ORD-2023-01945,2022-03-23,2022-03-30,West,Corporate,Furniture,Tables,Coffee Table Glass,75960.06,8,0.0,13202.49
ORD-2023-01946,2022-09-29,2022-10-05,North,Consumer,Technology,Accessories,Laptop Cooling Pad,263270.37,4,0.15,-12775.6
ORD-2023-01947,2022-10-22,2022-10-26,North,Consumer,Office Supplies,Binders,Economy Binder Set,2743.83,4,0.05,162.44
ORD-2023-01948,2023-08-03,2023-08-10,North,Corporate,Technology,Phones,Samsung Galaxy A34,18773.53,3,0.1,-1256.42
ORD-2023-01949,2022-03-17,2022-03-23,South,Corporate,Furniture,Storage,Wardrobe 3-Door,89489.28,9,0.0,21629.88
ORD-2023-01950,2022-03-09,2022-03-13,West,Consumer,Office Supplies,Pens & Art,Highlighter 6-Pack,7166.49,6,0.1,-655.75
ORD-2023-01951,2022-01-31,2022-02-04,West,Home Office,Furniture,Tables,Study Desk Compact,101895.73,5,0.05,749.3
ORD-2023-01952,2023-11-21,2023-11-24,West,Corporate,Technology,Laptops,Lenovo IdeaPad Slim 5,121795.02,6,0.15,-21042.9
ORD-2023-01953,2023-03-25,2023-03-30,South,Corporate,Furniture,Tables,Coffee Table Glass,170965.38,8,0.05,22733.65
ORD-2023-01954,2022-08-22,2022-08-25,East,Corporate,Office Supplies,Pens & Art,Highlighter 6-Pack,3587.25,5,0.0,1076.84
ORD-2023-01955,2023-12-07,2023-12-11,North,Consumer,Office Supplies,Labels,Barcode Label Set,11860.25,6,0.0,1145.35
ORD-2023-01956,2023-04-28,2023-05-07,South,Corporate,Office Supplies,Labels,Barcode Label Set,4390.84,8,0.05,56.92
ORD-2023-01957,2023-05-12,2023-05-18,South,Consumer,Technology,Laptops,HP Pavilion 14,280715.67,5,0.15,-27293.41
ORD-2023-01958,2023-08-15,2023-08-23,North,Consumer,Office Supplies,Paper,A4 Copy Paper 500-Sheet,4203.0,7,0.2,-579.06
ORD-2023-01959,2023-05-09,2023-05-17,North,Consumer,Furniture,Tables,Dining Table Oak,64392.78,8,0.1,-7604.57
ORD-2023-01960,2023-09-22,2023-09-24,North,Corporate,Office Supplies,Pens & Art,Sketch Pen Set 24,5525.01,6,0.05,114.92
ORD-2023-01961,2023-12-07,2023-12-15,West,Corporate,Technology,Phones,Redmi Note 12,201698.36,8,0.3,-102276.11
ORD-2023-01962,2023-11-17,2023-11-26,North,Consumer,Office Supplies,Labels,Address Label Roll,10817.59,6,0.1,531.16
ORD-2023-01963,2023-03-10,2023-03-17,South,Consumer,Furniture,Chairs,Executive Leather Chair,47821.95,4,0.2,-13759.17
ORD-2023-01964,2022-04-07,2022-04-15,North,Consumer,Office Supplies,Labels,Barcode Label Set,291.67,4,0.0,86.43
ORD-2023-01965,2023-07-15,2023-07-22,South,Corporate,Office Supplies,Paper,Carbon Paper,4098.79,9,0.0,468.74
ORD-2023-01966,2023-10-28,2023-11-06,East,Consumer,Furniture,Storage,Wardrobe 3-Door,24856.8,4,0.2,-882.04
ORD-2023-01967,2023-01-12,2023-01-20,East,Consumer,Technology,Laptops,Dell Inspiron 15,152700.71,6,0.1,15947.93
ORD-2023-01968,2023-11-02,2023-11-06,West,Consumer,Furniture,Chairs,Guest Chair,92195.06,5,0.15,-24473.28
ORD-2023-01969,2023-07-08,2023-07-17,North,Corporate,Office Supplies,Labels,Address Label Roll,3551.87,3,0.0,882.93
ORD-2023-01970,2022-12-09,2022-12-11,East,Consumer,Technology,Printers,HP LaserJet Pro,361754.33,6,0.05,39547.96
ORD-2023-01971,2022-01-27,2022-01-31,East,Corporate,Office Supplies,Paper,Carbon Paper,4667.46,9,0.0,1139.33
ORD-2023-01972,2023-03-14,2023-03-18,East,Consumer,Office Supplies,Binders,Presentation Binder,2254.85,4,0.2,-813.27
ORD-2023-01973,2023-12-24,2023-12-31,East,Home Office,Office Supplies,Binders,Presentation Binder,10299.24,8,0.05,2532.29
ORD-2023-01974,2022-05-31,2022-06-08,East,Consumer,Furniture,Tables,Study Desk Compact,60092.41,4,0.1,6520.7
ORD-2023-01975,2023-06-07,2023-06-11,South,Consumer,Office Supplies,Paper,Carbon Paper,513.84,2,0.0,123.35
ORD-2023-01976,2023-09-18,2023-09-21,West,Corporate,Furniture,Bookcases,Bookcase Classic 3-Shelf,31750.12,5,0.3,-12540.4
ORD-2023-01977,2023-12-08,2023-12-10,East,Consumer,Office Supplies,Binders,Premium Binder A4,8675.51,9,0.05,1489.7
ORD-2023-01978,2022-10-31,2022-11-04,East,Consumer,Office Supplies,Binders,Presentation Binder,15140.8,9,0.1,2182.91
ORD-2023-01979,2022-12-04,2022-12-12,South,Corporate,Furniture,Chairs,Guest Chair,77030.35,6,0.15,-9262.41
ORD-2023-01980,2023-10-18,2023-10-23,West,Consumer,Office Supplies,Labels,Color Dot Labels,789.68,9,0.0,77.79
ORD-2023-01981,2022-02-19,2022-02-26,East,Consumer,Furniture,Storage,Wardrobe 3-Door,87345.17,7,0.1,292.22
ORD-2023-01982,2023-08-08,2023-08-16,North,Corporate,Furniture,Chairs,Guest Chair,26180.14,5,0.2,-5989.73
ORD-2023-01983,2023-04-13,2023-04-22,West,Consumer,Office Supplies,Paper,Photo Glossy Paper,3503.28,8,0.1,-3.72
ORD-2023-01984,2022-02-11,2022-02-17,East,Corporate,Technology,Accessories,Wireless Mouse Combo,6902.61,2,0.25,-3880.47
ORD-2023-01985,2023-09-01,2023-09-09,South,Consumer,Technology,Laptops,HP Pavilion 14,155372.21,4,0.0,31677.21
ORD-2023-01986,2022-11-13,2022-11-15,North,Consumer,Technology,Printers,Epson L3252,40870.02,9,0.0,7789.81
ORD-2023-01987,2023-08-13,2023-08-21,West,Consumer,Furniture,Bookcases,Bookcase Classic 3-Shelf,43375.62,5,0.1,-7598.27
ORD-2023-01988,2022-02-18,2022-02-20,North,Corporate,Technology,Printers,HP LaserJet Pro,248811.25,8,0.05,-4849.12
ORD-2023-01989,2022-01-09,2022-01-13,East,Corporate,Furniture,Bookcases,Bookcase Classic 3-Shelf,123991.88,7,0.1,-1768.51
ORD-2023-01990,2023-05-10,2023-05-14,East,Corporate,Office Supplies,Binders,Economy Binder Set,5139.38,4,0.0,1480.09
ORD-2023-01991,2023-10-01,2023-10-09,West,Home Office,Furniture,Chairs,Executive Leather Chair,131048.94,6,0.0,18279.67
ORD-2023-01992,2023-08-09,2023-08-18,South,Home Office,Technology,Printers,Epson L3252,463548.25,9,0.0,40140.23
ORD-2023-01993,2023-03-29,2023-03-31,North,Corporate,Office Supplies,Labels,Address Label Roll,13327.06,8,0.0,1444.09
ORD-2023-01994,2022-01-30,2022-02-01,North,Consumer,Furniture,Storage,Storage Box Set,8851.54,1,0.15,23.73
ORD-2023-01995,2022-09-14,2022-09-23,South,Consumer,Technology,Accessories,USB Hub 7-Port,525363.95,8,0.2,
ORD-2023-01996,2022-08-04,2022-08-11,East,Corporate,Furniture,Tables,Study Desk Compact,25893.34,2,0.2,-5400.1
ORD-2023-01997,2022-05-02,2022-05-05,East,Consumer,Furniture,Tables,Dining Table Oak,36531.83,2,0.1,-3906.77
ORD-2023-01998,2022-04-08,2022-04-15,South,Consumer,Office Supplies,Labels,Address Label Roll,658.61,6,0.0,195.55
ORD-2023-01999,2022-06-17,2022-06-20,South,Corporate,Technology,Printers,HP LaserJet Pro,295254.01,9,0.15,-11961.07
ORD-2023-02000,2022-10-20,2022-10-27,East,Consumer,Furniture,Chairs,Executive Leather Chair,157730.16,9,0.15,-31247.58
ORD-2023-01953,2023-03-25,2023-03-30,South,Corporate,Furniture,Tables,Coffee Table Glass,170965.38,8,0.05,22733.65
ORD-2023-01059,2022-12-08,2022-12-17,East,Corporate,Furniture,Chairs,Ergonomic Office Chair,44545.96,6,0.0,
ORD-2022-00883,2022-03-05,2022-03-11,West,Consumer,Office Supplies,Binders,Economy Binder Set,604.7,9,0.1,-61.31
ORD-2022-00116,2022-09-08,2022-09-14,North,Consumer,Technology,Phones,Redmi Note 12,374895.85,5,0.0,124520.25
ORD-2022-00431,2022-04-24,2022-04-26,West,Home Office,Office Supplies,Labels,Color Dot Labels,4317.35,5,0.1,312.51
ORD-2022-00114,2023-11-07,2023-11-13,North,Corporate,Furniture,Chairs,Guest Chair,27954.41,6,0.05,2870.53
ORD-2022-00984,2023-07-28,2023-08-05,North,Home Office,Technology,Phones,Redmi Note 12,59007.95,9,0.2,-16818.3
ORD-2022-00141,2023-04-08,2023-04-10,South,Consumer,Furniture,Bookcases,Bookcase Pro 5-Shelf,14565.83,3,0.1,-627.72
ORD-2022-00773,2022-09-26,2022-10-03,North,Consumer,Technology,Phones,OnePlus Nord CE 3,265721.75,4,0.2,-61321.72
ORD-2022-00737,2023-01-08,2023-01-10,South,Home Office,Office Supplies,Labels,Address Label Roll,3917.23,4,0.0,1347.46
ORD-2022-00262,2022-11-10,2022-11-18,North,Home Office,Furniture,Bookcases,Bookcase Pro 5-Shelf,84345.56,6,0.0,22163.82
ORD-2022-00821,2023-01-30,2023-02-08,North,Corporate,Furniture,Bookcases,Bookcase Classic 3-Shelf,187524.0,8,0.0,50562.35
ORD-2023-01345,2022-03-01,2022-03-08,North,Corporate,Furniture,Tables,Coffee Table Glass,76569.7,9,0.0,9516.53
ORD-2023-01574,2022-04-01,2022-04-09,West,Consumer,Technology,Printers,Epson L3252,381497.45,5,0.15,-62153.25
ORD-2022-00138,2022-07-25,2022-07-30,East,Home Office,Technology,Laptops,Dell Inspiron 15,153883.4,6,0.15,1150.31
ORD-2022-00151,2023-02-06,2023-02-14,North,Home Office,Office Supplies,Paper,Photo Glossy Paper,3322.65,9,0.05,458.46
ORD-2022-00245,2022-08-28,2022-09-06,East,Consumer,Technology,Printers,Epson L3252,119304.34,9,0.05,15137.18
ORD-2023-01348,2023-03-27,2023-03-29,South,Consumer,Office Supplies,Paper,Photo Glossy Paper,4388.45,3,0.0,1225.24
ORD-2023-01473,2022-10-24,2022-10-27,South,Home Office,Office Supplies,Pens & Art,Sketch Pen Set 24,3289.8,3,0.0,1139.96
ORD-2022-00747,2022-04-03,2022-04-08,South,Corporate,Office Supplies,Binders,Presentation Binder,9803.8,8,0.1,979.28
